,accuracy,model,time_train,time_inference,scaling_name,dataset_name
0,0.9532163742690059,LR,0.0017507076263427734,7.414817810058594e-05,MinMaxScaler,breast_cancer_wisconsin_diagnostic
1,0.9326334208223972,LR,0.002744436264038086,8.249282836914062e-05,MinMaxScaler,breast_cancer_wisconsin_original
2,0.5230769230769231,LR,0.007661581039428711,0.00011491775512695312,MinMaxScaler,glass_identification
3,0.6043956043956044,LR,0.005211830139160156,6.651878356933594e-05,MinMaxScaler,heart_disease
4,1.0,LR,0.0019228458404541016,6.437301635742188e-05,MinMaxScaler,iris
5,0.7521666666666667,LR,0.34067821502685547,0.0005910396575927734,MinMaxScaler,letter_recognition
6,0.9473684210526315,LR,0.001214742660522461,6.508827209472656e-05,MaxAbsScaler,breast_cancer_wisconsin_diagnostic
7,0.9221347331583553,LR,0.0033926963806152344,6.699562072753906e-05,MaxAbsScaler,breast_cancer_wisconsin_original
8,0.5230769230769231,LR,0.003373384475708008,6.437301635742188e-05,MaxAbsScaler,glass_identification
9,0.6043956043956044,LR,0.00514674186706543,6.437301635742188e-05,MaxAbsScaler,heart_disease
10,0.9629629629629629,LR,0.003423452377319336,6.198883056640625e-05,MaxAbsScaler,iris
11,0.7521666666666667,LR,0.32923007011413574,0.0005204677581787109,MaxAbsScaler,letter_recognition
12,0.9766081871345029,LR,0.0011546611785888672,5.5789947509765625e-05,StandardScaler,breast_cancer_wisconsin_diagnostic
13,0.9335083114610674,LR,0.0014805793762207031,7.343292236328125e-05,StandardScaler,breast_cancer_wisconsin_original
14,0.5692307692307692,LR,0.0022454261779785156,5.8650970458984375e-05,StandardScaler,glass_identification
15,0.5824175824175825,LR,0.0021860599517822266,5.626678466796875e-05,StandardScaler,heart_disease
16,1.0,LR,0.0012784004211425781,5.2928924560546875e-05,StandardScaler,iris
17,0.7813333333333333,LR,0.16934728622436523,0.0005338191986083984,StandardScaler,letter_recognition
18,0.9590643274853801,LR,0.002468585968017578,0.0005452632904052734,ParetoScaling,breast_cancer_wisconsin_diagnostic
19,0.9361329833770778,LR,0.005129575729370117,0.00033855438232421875,ParetoScaling,breast_cancer_wisconsin_original
20,0.5692307692307692,LR,0.0023348331451416016,0.00042724609375,ParetoScaling,glass_identification
21,0.5824175824175825,LR,0.0059735774993896484,0.0003662109375,ParetoScaling,heart_disease
22,0.9814814814814815,LR,0.003352642059326172,0.0003650188446044922,ParetoScaling,iris
23,0.7815,LR,0.2383439540863037,0.00095367431640625,ParetoScaling,letter_recognition
24,0.9473684210526315,LR,0.003735065460205078,0.0006048679351806641,StandardStabilityScaling,breast_cancer_wisconsin_diagnostic
25,0.937007874015748,LR,0.005807399749755859,0.0004451274871826172,StandardStabilityScaling,breast_cancer_wisconsin_original
26,0.5538461538461539,LR,0.007138729095458984,0.00035858154296875,StandardStabilityScaling,glass_identification
27,0.5824175824175825,LR,0.008019447326660156,0.00046563148498535156,StandardStabilityScaling,heart_disease
28,1.0,LR,0.005536317825317383,0.00040650367736816406,StandardStabilityScaling,iris
29,0.781,LR,0.3048555850982666,0.0009431838989257812,StandardStabilityScaling,letter_recognition
30,0.9590643274853801,LR,0.006149768829345703,0.0006191730499267578,MeanCentered,breast_cancer_wisconsin_diagnostic
31,0.9361329833770778,LR,0.009574413299560547,0.0004284381866455078,MeanCentered,breast_cancer_wisconsin_original
32,0.5538461538461539,LR,0.002347230911254883,0.0003476142883300781,MeanCentered,glass_identification
33,0.5934065934065934,LR,0.007337093353271484,0.00036525726318359375,MeanCentered,heart_disease
34,0.9814814814814815,LR,0.0057790279388427734,0.0003566741943359375,MeanCentered,iris
35,0.7803333333333333,LR,0.3006420135498047,0.0009603500366210938,MeanCentered,letter_recognition
36,0.9590643274853801,LR,0.004771709442138672,0.0003333091735839844,None,breast_cancer_wisconsin_diagnostic
37,0.937007874015748,LR,0.008283615112304688,0.00033164024353027344,None,breast_cancer_wisconsin_original
38,0.5538461538461539,LR,0.007033824920654297,0.0002970695495605469,None,glass_identification
39,0.5824175824175825,LR,0.007981061935424805,0.00032329559326171875,None,heart_disease
40,0.9444444444444444,LR,0.006947994232177734,0.0004467964172363281,None,iris
41,0.7688333333333334,LR,0.296980619430542,0.0007855892181396484,None,letter_recognition
42,0.9649122807017544,LR,0.0018053054809570312,6.222724914550781e-05,RobustScaler,breast_cancer_wisconsin_diagnostic
43,0.931758530183727,LR,0.0017583370208740234,6.198883056640625e-05,RobustScaler,breast_cancer_wisconsin_original
44,0.5538461538461539,LR,0.0024182796478271484,5.626678466796875e-05,RobustScaler,glass_identification
45,0.5824175824175825,LR,0.0027544498443603516,5.602836608886719e-05,RobustScaler,heart_disease
46,1.0,LR,0.001318216323852539,5.3882598876953125e-05,RobustScaler,iris
47,0.7808333333333334,LR,0.19994592666625977,0.0005397796630859375,RobustScaler,letter_recognition
48,0.9707602339181286,LR,0.0013332366943359375,5.7697296142578125e-05,QuantileTransformer,breast_cancer_wisconsin_diagnostic
49,0.9300087489063867,LR,0.0018153190612792969,6.246566772460938e-05,QuantileTransformer,breast_cancer_wisconsin_original
50,0.5846153846153846,LR,0.0026273727416992188,5.626678466796875e-05,QuantileTransformer,glass_identification
51,0.5824175824175825,LR,0.004150867462158203,5.650520324707031e-05,QuantileTransformer,heart_disease
52,1.0,LR,0.001567840576171875,5.245208740234375e-05,QuantileTransformer,iris
53,0.7536666666666667,LR,0.31676769256591797,0.0005173683166503906,QuantileTransformer,letter_recognition
54,0.631578947368421,LR,0.0014009475708007812,0.0005645751953125,DecimalScaling,breast_cancer_wisconsin_diagnostic
55,0.8162729658792651,LR,0.0014867782592773438,0.0003199577331542969,DecimalScaling,breast_cancer_wisconsin_original
56,0.4,LR,0.0013246536254882812,0.0003376007080078125,DecimalScaling,glass_identification
57,0.5164835164835165,LR,0.0022346973419189453,0.00039124488830566406,DecimalScaling,heart_disease
58,0.42592592592592593,LR,0.001407623291015625,0.00035953521728515625,DecimalScaling,iris
59,0.5535,LR,0.06131243705749512,0.0008897781372070312,DecimalScaling,letter_recognition
60,0.631578947368421,LR,0.0018794536590576172,0.0004885196685791016,TanhTransformer,breast_cancer_wisconsin_diagnostic
61,0.5669291338582677,LR,0.0022797584533691406,0.00032401084899902344,TanhTransformer,breast_cancer_wisconsin_original
62,0.4,LR,0.0019223690032958984,0.0003325939178466797,TanhTransformer,glass_identification
63,0.5164835164835165,LR,0.0020160675048828125,0.0003581047058105469,TanhTransformer,heart_disease
64,0.4074074074074074,LR,0.0021021366119384766,0.00036716461181640625,TanhTransformer,iris
65,0.2775,LR,0.0838007926940918,0.001238107681274414,TanhTransformer,letter_recognition
66,0.9707602339181286,LR,0.0018575191497802734,0.0005218982696533203,LogisticSigmoidTransformer,breast_cancer_wisconsin_diagnostic
67,0.931758530183727,LR,0.0019497871398925781,0.00031876564025878906,LogisticSigmoidTransformer,breast_cancer_wisconsin_original
68,0.6461538461538462,LR,0.0029435157775878906,0.00038886070251464844,LogisticSigmoidTransformer,glass_identification
69,0.5934065934065934,LR,0.005243778228759766,0.00037860870361328125,LogisticSigmoidTransformer,heart_disease
70,1.0,LR,0.0024099349975585938,0.0005228519439697266,LogisticSigmoidTransformer,iris
71,0.7605,LR,0.30315327644348145,0.0010294914245605469,LogisticSigmoidTransformer,letter_recognition
72,0.9824561403508771,LR,0.0016217231750488281,0.0005035400390625,HyperbolicTangentTransformer,breast_cancer_wisconsin_diagnostic
73,0.931758530183727,LR,0.0018057823181152344,0.0003819465637207031,HyperbolicTangentTransformer,breast_cancer_wisconsin_original
74,0.6,LR,0.0019845962524414062,0.00033974647521972656,HyperbolicTangentTransformer,glass_identification
75,0.5934065934065934,LR,0.0022351741790771484,0.00036334991455078125,HyperbolicTangentTransformer,heart_disease
76,1.0,LR,0.0018985271453857422,0.0003705024719238281,HyperbolicTangentTransformer,iris
77,0.7733333333333333,LR,0.13260865211486816,0.0009224414825439453,HyperbolicTangentTransformer,letter_recognition
78,0.9707602339181286,SVM,0.0008080005645751953,0.0002143383026123047,MinMaxScaler,breast_cancer_wisconsin_diagnostic
79,0.9326334208223972,SVM,0.019585609436035156,0.006568193435668945,MinMaxScaler,breast_cancer_wisconsin_original
80,0.5846153846153846,SVM,0.0007150173187255859,0.00017261505126953125,MinMaxScaler,glass_identification
81,0.5494505494505495,SVM,0.0010075569152832031,0.0002052783966064453,MinMaxScaler,heart_disease
82,1.0,SVM,0.0003681182861328125,0.0001068115234375,MinMaxScaler,iris
83,0.8226666666666667,SVM,0.7961986064910889,1.3628013134002686,MinMaxScaler,letter_recognition
84,0.9649122807017544,SVM,0.0007948875427246094,0.0002143383026123047,MaxAbsScaler,breast_cancer_wisconsin_diagnostic
85,0.9291338582677166,SVM,0.02383875846862793,0.00839376449584961,MaxAbsScaler,breast_cancer_wisconsin_original
86,0.5076923076923077,SVM,0.0006973743438720703,0.00015974044799804688,MaxAbsScaler,glass_identification
87,0.5274725274725275,SVM,0.0009226799011230469,0.0001983642578125,MaxAbsScaler,heart_disease
88,0.9629629629629629,SVM,0.00036215782165527344,9.036064147949219e-05,MaxAbsScaler,iris
89,0.8226666666666667,SVM,0.7867264747619629,1.3637542724609375,MaxAbsScaler,letter_recognition
90,0.9590643274853801,SVM,0.0010991096496582031,0.00013899803161621094,StandardScaler,breast_cancer_wisconsin_diagnostic
91,0.9361329833770778,SVM,0.021546125411987305,0.006138324737548828,StandardScaler,breast_cancer_wisconsin_original
92,0.6,SVM,0.0009059906005859375,0.00014781951904296875,StandardScaler,glass_identification
93,0.5714285714285714,SVM,0.0017921924591064453,0.00019669532775878906,StandardScaler,heart_disease
94,1.0,SVM,0.00033283233642578125,7.772445678710938e-05,StandardScaler,iris
95,0.8595,SVM,0.8276875019073486,0.8501741886138916,StandardScaler,letter_recognition
96,0.9590643274853801,SVM,0.0025916099548339844,0.0005702972412109375,ParetoScaling,breast_cancer_wisconsin_diagnostic
97,0.9378827646544182,SVM,0.18763160705566406,0.005849361419677734,ParetoScaling,breast_cancer_wisconsin_original
98,0.5846153846153846,SVM,0.00139617919921875,0.00041294097900390625,ParetoScaling,glass_identification
99,0.5714285714285714,SVM,0.009551048278808594,0.0005042552947998047,ParetoScaling,heart_disease
100,0.9814814814814815,SVM,0.0007803440093994141,0.0003571510314941406,ParetoScaling,iris
101,0.8606666666666667,SVM,0.9842002391815186,0.8061566352844238,ParetoScaling,letter_recognition
102,0.9473684210526315,SVM,0.0034935474395751953,0.0005745887756347656,StandardStabilityScaling,breast_cancer_wisconsin_diagnostic
103,0.9378827646544182,SVM,0.30722570419311523,0.0058481693267822266,StandardStabilityScaling,breast_cancer_wisconsin_original
104,0.5692307692307692,SVM,5.409388065338135,0.0006489753723144531,StandardStabilityScaling,glass_identification
105,0.5824175824175825,SVM,0.01630687713623047,0.0005438327789306641,StandardStabilityScaling,heart_disease
106,1.0,SVM,0.0007407665252685547,0.00035858154296875,StandardStabilityScaling,iris
107,0.8605,SVM,1.8869683742523193,0.7844734191894531,StandardStabilityScaling,letter_recognition
108,0.9590643274853801,SVM,0.6428365707397461,0.0007429122924804688,MeanCentered,breast_cancer_wisconsin_diagnostic
109,0.9352580927384077,SVM,113.44189119338989,0.004674434661865234,MeanCentered,breast_cancer_wisconsin_original
110,0.5692307692307692,SVM,0.0013136863708496094,0.0004143714904785156,MeanCentered,glass_identification
111,0.5714285714285714,SVM,0.23689699172973633,0.0011453628540039062,MeanCentered,heart_disease
112,0.9814814814814815,SVM,0.024870634078979492,0.0006690025329589844,MeanCentered,iris
113,0.861,SVM,1.376319169998169,0.8148162364959717,MeanCentered,letter_recognition
114,0.9590643274853801,SVM,0.41269469261169434,0.0006263256072998047,None,breast_cancer_wisconsin_diagnostic
115,0.9378827646544182,SVM,0.5371448993682861,0.0046274662017822266,None,breast_cancer_wisconsin_original
116,0.5692307692307692,SVM,0.0014412403106689453,0.00038695335388183594,None,glass_identification
117,0.5714285714285714,SVM,0.18288230895996094,0.0006704330444335938,None,heart_disease
118,0.9814814814814815,SVM,0.023725271224975586,0.0003337860107421875,None,iris
119,0.8611666666666666,SVM,1.3481416702270508,0.8475155830383301,None,letter_recognition
120,0.9649122807017544,SVM,0.0010273456573486328,0.0001964569091796875,RobustScaler,breast_cancer_wisconsin_diagnostic
121,0.9343832020997376,SVM,0.02054429054260254,0.0058994293212890625,RobustScaler,breast_cancer_wisconsin_original
122,0.6153846153846154,SVM,0.0010938644409179688,0.00016236305236816406,RobustScaler,glass_identification
123,0.5494505494505495,SVM,0.001466989517211914,0.00021409988403320312,RobustScaler,heart_disease
124,1.0,SVM,0.0004062652587890625,7.843971252441406e-05,RobustScaler,iris
125,0.859,SVM,0.8838145732879639,0.8970775604248047,RobustScaler,letter_recognition
126,0.9707602339181286,SVM,0.0008356571197509766,0.00016951560974121094,QuantileTransformer,breast_cancer_wisconsin_diagnostic
127,0.9282589676290464,SVM,0.02067089080810547,0.00679779052734375,QuantileTransformer,breast_cancer_wisconsin_original
128,0.6,SVM,0.0007557868957519531,0.0001621246337890625,QuantileTransformer,glass_identification
129,0.5604395604395604,SVM,0.0012459754943847656,0.00020694732666015625,QuantileTransformer,heart_disease
130,0.9814814814814815,SVM,0.0003476142883300781,7.843971252441406e-05,QuantileTransformer,iris
131,0.8233333333333334,SVM,0.7235956192016602,1.2434298992156982,QuantileTransformer,letter_recognition
132,0.631578947368421,SVM,0.002505064010620117,0.0012402534484863281,DecimalScaling,breast_cancer_wisconsin_diagnostic
133,0.847769028871391,SVM,0.06658077239990234,0.024381637573242188,DecimalScaling,breast_cancer_wisconsin_original
134,0.4,SVM,0.0011508464813232422,0.0005598068237304688,DecimalScaling,glass_identification
135,0.5164835164835165,SVM,0.0013225078582763672,0.0007326602935791016,DecimalScaling,heart_disease
136,0.4074074074074074,SVM,0.0008382797241210938,0.00042700767517089844,DecimalScaling,iris
137,0.5061666666666667,SVM,2.7963078022003174,1.9180636405944824,DecimalScaling,letter_recognition
138,0.631578947368421,SVM,0.0022363662719726562,0.0010790824890136719,TanhTransformer,breast_cancer_wisconsin_diagnostic
139,0.5660542432195975,SVM,0.07210969924926758,0.026917695999145508,TanhTransformer,breast_cancer_wisconsin_original
140,0.4,SVM,0.0010061264038085938,0.0004267692565917969,TanhTransformer,glass_identification
141,0.5164835164835165,SVM,0.0010874271392822266,0.0006895065307617188,TanhTransformer,heart_disease
142,0.4074074074074074,SVM,0.0007681846618652344,0.00040078163146972656,TanhTransformer,iris
143,0.036,SVM,3.5834288597106934,1.9076919555664062,TanhTransformer,letter_recognition
144,0.9824561403508771,SVM,0.0016045570373535156,0.0007121562957763672,LogisticSigmoidTransformer,breast_cancer_wisconsin_diagnostic
145,0.9343832020997376,SVM,0.01943039894104004,0.0067975521087646484,LogisticSigmoidTransformer,breast_cancer_wisconsin_original
146,0.5846153846153846,SVM,0.001102447509765625,0.0004391670227050781,LogisticSigmoidTransformer,glass_identification
147,0.5714285714285714,SVM,0.0013778209686279297,0.0005414485931396484,LogisticSigmoidTransformer,heart_disease
148,0.9814814814814815,SVM,0.0009748935699462891,0.0004730224609375,LogisticSigmoidTransformer,iris
149,0.8278333333333333,SVM,0.689401388168335,1.2650651931762695,LogisticSigmoidTransformer,letter_recognition
150,0.9824561403508771,SVM,0.0012087821960449219,0.0005605220794677734,HyperbolicTangentTransformer,breast_cancer_wisconsin_diagnostic
151,0.9308836395450568,SVM,0.0186159610748291,0.006029367446899414,HyperbolicTangentTransformer,breast_cancer_wisconsin_original
152,0.5846153846153846,SVM,0.0009834766387939453,0.0004229545593261719,HyperbolicTangentTransformer,glass_identification
153,0.5714285714285714,SVM,0.0013244152069091797,0.0005030632019042969,HyperbolicTangentTransformer,heart_disease
154,1.0,SVM,0.0006999969482421875,0.0004711151123046875,HyperbolicTangentTransformer,iris
155,0.8463333333333334,SVM,0.6624748706817627,1.0529706478118896,HyperbolicTangentTransformer,letter_recognition
156,0.9766081871345029,MLP,0.12225508689880371,0.00025177001953125,MinMaxScaler,breast_cancer_wisconsin_diagnostic
157,0.9326334208223972,MLP,0.2666642665863037,0.0002772808074951172,MinMaxScaler,breast_cancer_wisconsin_original
158,0.5692307692307692,MLP,0.049536943435668945,0.00012731552124023438,MinMaxScaler,glass_identification
159,0.5824175824175825,MLP,0.08090782165527344,0.00014448165893554688,MinMaxScaler,heart_disease
160,1.0,MLP,0.04566836357116699,9.894371032714844e-05,MinMaxScaler,iris
161,0.86,MLP,4.330937147140503,0.002262115478515625,MinMaxScaler,letter_recognition
162,0.9415204678362573,MLP,0.10723590850830078,0.00014328956604003906,MaxAbsScaler,breast_cancer_wisconsin_diagnostic
163,0.9343832020997376,MLP,0.5480220317840576,0.00029158592224121094,MaxAbsScaler,breast_cancer_wisconsin_original
164,0.5538461538461539,MLP,0.04819631576538086,0.00014591217041015625,MaxAbsScaler,glass_identification
165,0.5934065934065934,MLP,0.08136343955993652,0.00013971328735351562,MaxAbsScaler,heart_disease
166,0.8888888888888888,MLP,0.045623064041137695,0.00013446807861328125,MaxAbsScaler,iris
167,0.8615,MLP,4.2211222648620605,0.002079486846923828,MaxAbsScaler,letter_recognition
168,0.9707602339181286,MLP,0.11667323112487793,0.00013875961303710938,StandardScaler,breast_cancer_wisconsin_diagnostic
169,0.9300087489063867,MLP,0.3332338333129883,0.00028586387634277344,StandardScaler,breast_cancer_wisconsin_original
170,0.6307692307692307,MLP,0.04816722869873047,0.00011658668518066406,StandardScaler,glass_identification
171,0.5824175824175825,MLP,0.08005714416503906,0.0001480579376220703,StandardScaler,heart_disease
172,1.0,MLP,0.04496169090270996,0.00010704994201660156,StandardScaler,iris
173,0.9518333333333333,MLP,4.451489448547363,0.002022266387939453,StandardScaler,letter_recognition
174,0.9766081871345029,MLP,0.12457871437072754,0.0008826255798339844,ParetoScaling,breast_cancer_wisconsin_diagnostic
175,0.9343832020997376,MLP,0.15308427810668945,0.0006742477416992188,ParetoScaling,breast_cancer_wisconsin_original
176,0.6153846153846154,MLP,0.04951119422912598,0.00041747093200683594,ParetoScaling,glass_identification
177,0.6043956043956044,MLP,0.078521728515625,0.0005583763122558594,ParetoScaling,heart_disease
178,0.9814814814814815,MLP,0.04383063316345215,0.0004153251647949219,ParetoScaling,iris
179,0.9578333333333333,MLP,4.5446155071258545,0.0024225711822509766,ParetoScaling,letter_recognition
180,0.9649122807017544,MLP,0.12052559852600098,0.0007026195526123047,StandardStabilityScaling,breast_cancer_wisconsin_diagnostic
181,0.9300087489063867,MLP,0.1302504539489746,0.0005867481231689453,StandardStabilityScaling,breast_cancer_wisconsin_original
182,0.6461538461538462,MLP,0.04595065116882324,0.0004258155822753906,StandardStabilityScaling,glass_identification
183,0.5604395604395604,MLP,0.07752728462219238,0.0004303455352783203,StandardStabilityScaling,heart_disease
184,0.9814814814814815,MLP,0.03302764892578125,0.00040912628173828125,StandardStabilityScaling,iris
185,0.9518333333333333,MLP,4.280301332473755,0.002460479736328125,StandardStabilityScaling,letter_recognition
186,0.9707602339181286,MLP,0.09980344772338867,0.0006377696990966797,MeanCentered,breast_cancer_wisconsin_diagnostic
187,0.9177602799650044,MLP,0.08836531639099121,0.0007030963897705078,MeanCentered,breast_cancer_wisconsin_original
188,0.6461538461538462,MLP,0.051610469818115234,0.00040650367736816406,MeanCentered,glass_identification
189,0.5824175824175825,MLP,0.08388686180114746,0.0007159709930419922,MeanCentered,heart_disease
190,0.7777777777777778,MLP,0.008348703384399414,0.0005733966827392578,MeanCentered,iris
191,0.953,MLP,4.373631238937378,0.0024874210357666016,MeanCentered,letter_recognition
192,0.9473684210526315,MLP,0.06196165084838867,0.0005283355712890625,None,breast_cancer_wisconsin_diagnostic
193,0.4549431321084864,MLP,0.0746915340423584,0.0006711483001708984,None,breast_cancer_wisconsin_original
194,0.46153846153846156,MLP,0.048146724700927734,0.0004930496215820312,None,glass_identification
195,0.5384615384615384,MLP,0.04171180725097656,0.0004439353942871094,None,heart_disease
196,0.8703703703703703,MLP,0.04233145713806152,0.00038695335388183594,None,iris
197,0.9168333333333333,MLP,4.215375900268555,0.0023415088653564453,None,letter_recognition
198,0.9590643274853801,MLP,0.10850262641906738,0.00013899803161621094,RobustScaler,breast_cancer_wisconsin_diagnostic
199,0.931758530183727,MLP,0.24855470657348633,0.00027751922607421875,RobustScaler,breast_cancer_wisconsin_original
200,0.6923076923076923,MLP,0.04709482192993164,0.00010251998901367188,RobustScaler,glass_identification
201,0.6043956043956044,MLP,0.08524918556213379,0.00013899803161621094,RobustScaler,heart_disease
202,1.0,MLP,0.04342246055603027,9.632110595703125e-05,RobustScaler,iris
203,0.9491666666666667,MLP,4.311414957046509,0.0021152496337890625,RobustScaler,letter_recognition
204,0.9473684210526315,MLP,0.10469889640808105,0.00013065338134765625,QuantileTransformer,breast_cancer_wisconsin_diagnostic
205,0.9282589676290464,MLP,0.18142342567443848,0.00027441978454589844,QuantileTransformer,breast_cancer_wisconsin_original
206,0.6461538461538462,MLP,0.045302391052246094,0.00010943412780761719,QuantileTransformer,glass_identification
207,0.5824175824175825,MLP,0.0781557559967041,0.00012564659118652344,QuantileTransformer,heart_disease
208,1.0,MLP,0.041570425033569336,9.226799011230469e-05,QuantileTransformer,iris
209,0.8758333333333334,MLP,4.035418272018433,0.002008199691772461,QuantileTransformer,letter_recognition
210,0.631578947368421,MLP,0.014900684356689453,0.0005972385406494141,DecimalScaling,breast_cancer_wisconsin_diagnostic
211,0.8871391076115486,MLP,0.5096883773803711,0.0006172657012939453,DecimalScaling,breast_cancer_wisconsin_original
212,0.4,MLP,0.028403282165527344,0.0003914833068847656,DecimalScaling,glass_identification
213,0.5164835164835165,MLP,0.0764007568359375,0.00042700767517089844,DecimalScaling,heart_disease
214,0.6666666666666666,MLP,0.045461416244506836,0.0004878044128417969,DecimalScaling,iris
215,0.7821666666666667,MLP,4.339289665222168,0.0024597644805908203,DecimalScaling,letter_recognition
216,0.631578947368421,MLP,0.00996851921081543,0.0005829334259033203,TanhTransformer,breast_cancer_wisconsin_diagnostic
217,0.6062992125984252,MLP,0.5173015594482422,0.0006427764892578125,TanhTransformer,breast_cancer_wisconsin_original
218,0.4,MLP,0.017774343490600586,0.0005173683166503906,TanhTransformer,glass_identification
219,0.5164835164835165,MLP,0.016423463821411133,0.00041103363037109375,TanhTransformer,heart_disease
220,0.4074074074074074,MLP,0.005248546600341797,0.00040721893310546875,TanhTransformer,iris
221,0.341,MLP,4.270670413970947,0.002425670623779297,TanhTransformer,letter_recognition
222,0.9532163742690059,MLP,0.1053164005279541,0.0006666183471679688,LogisticSigmoidTransformer,breast_cancer_wisconsin_diagnostic
223,0.9326334208223972,MLP,0.22608065605163574,0.0005581378936767578,LogisticSigmoidTransformer,breast_cancer_wisconsin_original
224,0.6153846153846154,MLP,0.04829239845275879,0.00040531158447265625,LogisticSigmoidTransformer,glass_identification
225,0.5604395604395604,MLP,0.07596445083618164,0.0004742145538330078,LogisticSigmoidTransformer,heart_disease
226,1.0,MLP,0.0441288948059082,0.0003986358642578125,LogisticSigmoidTransformer,iris
227,0.8598333333333333,MLP,4.18662691116333,0.0024781227111816406,LogisticSigmoidTransformer,letter_recognition
228,0.9707602339181286,MLP,0.11382293701171875,0.0006895065307617188,HyperbolicTangentTransformer,breast_cancer_wisconsin_diagnostic
229,0.931758530183727,MLP,0.17204856872558594,0.0006866455078125,HyperbolicTangentTransformer,breast_cancer_wisconsin_original
230,0.6461538461538462,MLP,0.0512843132019043,0.0005512237548828125,HyperbolicTangentTransformer,glass_identification
231,0.5714285714285714,MLP,0.09054994583129883,0.0006196498870849609,HyperbolicTangentTransformer,heart_disease
232,1.0,MLP,0.05565142631530762,0.0008518695831298828,HyperbolicTangentTransformer,iris
233,0.9455,MLP,4.47574782371521,0.0027878284454345703,HyperbolicTangentTransformer,letter_recognition
234,0.9707602339181286,RF,0.07717728614807129,0.0014836788177490234,MinMaxScaler,breast_cancer_wisconsin_diagnostic
235,0.926509186351706,RF,0.21109271049499512,0.004530668258666992,MinMaxScaler,breast_cancer_wisconsin_original
236,0.6923076923076923,RF,0.04410290718078613,0.0012786388397216797,MinMaxScaler,glass_identification
237,0.5604395604395604,RF,0.04391026496887207,0.0014007091522216797,MinMaxScaler,heart_disease
238,0.9814814814814815,RF,0.03980231285095215,0.0011959075927734375,MinMaxScaler,iris
239,0.9666666666666667,RF,0.8891141414642334,0.04964613914489746,MinMaxScaler,letter_recognition
240,0.9649122807017544,RF,0.07299089431762695,0.0013608932495117188,MaxAbsScaler,breast_cancer_wisconsin_diagnostic
241,0.9247594050743657,RF,0.2096998691558838,0.004445791244506836,MaxAbsScaler,breast_cancer_wisconsin_original
242,0.7076923076923077,RF,0.04436492919921875,0.0012731552124023438,MaxAbsScaler,glass_identification
243,0.5604395604395604,RF,0.04455208778381348,0.0015363693237304688,MaxAbsScaler,heart_disease
244,0.9814814814814815,RF,0.04063820838928223,0.001148223876953125,MaxAbsScaler,iris
245,0.9671666666666666,RF,0.9017329216003418,0.04878568649291992,MaxAbsScaler,letter_recognition
246,0.9590643274853801,RF,0.07447099685668945,0.0013875961303710938,StandardScaler,breast_cancer_wisconsin_diagnostic
247,0.9203849518810149,RF,0.20702838897705078,0.0046079158782958984,StandardScaler,breast_cancer_wisconsin_original
248,0.6615384615384615,RF,0.04439878463745117,0.001268148422241211,StandardScaler,glass_identification
249,0.5604395604395604,RF,0.04398322105407715,0.0013959407806396484,StandardScaler,heart_disease
250,0.9814814814814815,RF,0.045322418212890625,0.0011484622955322266,StandardScaler,iris
251,0.9663333333333334,RF,0.8835630416870117,0.049720048904418945,StandardScaler,letter_recognition
252,0.9649122807017544,RF,0.07988238334655762,0.0019767284393310547,ParetoScaling,breast_cancer_wisconsin_diagnostic
253,0.926509186351706,RF,0.2050778865814209,0.004664421081542969,ParetoScaling,breast_cancer_wisconsin_original
254,0.676923076923077,RF,0.04525423049926758,0.0017726421356201172,ParetoScaling,glass_identification
255,0.5384615384615384,RF,0.0465703010559082,0.0018897056579589844,ParetoScaling,heart_disease
256,0.9814814814814815,RF,0.04102778434753418,0.001531362533569336,ParetoScaling,iris
257,0.9691666666666666,RF,0.9112200736999512,0.049065351486206055,ParetoScaling,letter_recognition
258,0.9649122807017544,RF,0.07493472099304199,0.0019159317016601562,StandardStabilityScaling,breast_cancer_wisconsin_diagnostic
259,0.9247594050743657,RF,0.20602059364318848,0.005008697509765625,StandardStabilityScaling,breast_cancer_wisconsin_original
260,0.7076923076923077,RF,0.04442620277404785,0.0016548633575439453,StandardStabilityScaling,glass_identification
261,0.5384615384615384,RF,0.046373844146728516,0.0024666786193847656,StandardStabilityScaling,heart_disease
262,0.9814814814814815,RF,0.04171276092529297,0.001550436019897461,StandardStabilityScaling,iris
263,0.9666666666666667,RF,0.8726813793182373,0.04935002326965332,StandardStabilityScaling,letter_recognition
264,0.9766081871345029,RF,0.07519912719726562,0.0019350051879882812,MeanCentered,breast_cancer_wisconsin_diagnostic
265,0.9308836395450568,RF,0.20422601699829102,0.004786491394042969,MeanCentered,breast_cancer_wisconsin_original
266,0.7076923076923077,RF,0.043988943099975586,0.0016069412231445312,MeanCentered,glass_identification
267,0.5714285714285714,RF,0.04387354850769043,0.0017664432525634766,MeanCentered,heart_disease
268,0.9814814814814815,RF,0.04009699821472168,0.0014908313751220703,MeanCentered,iris
269,0.9695,RF,0.8851664066314697,0.050963640213012695,MeanCentered,letter_recognition
270,0.9707602339181286,RF,0.07986831665039062,0.0017158985137939453,None,breast_cancer_wisconsin_diagnostic
271,0.926509186351706,RF,0.20481133460998535,0.004976749420166016,None,breast_cancer_wisconsin_original
272,0.6923076923076923,RF,0.04392099380493164,0.0016047954559326172,None,glass_identification
273,0.5604395604395604,RF,0.04379153251647949,0.0017576217651367188,None,heart_disease
274,0.9814814814814815,RF,0.03959798812866211,0.0014739036560058594,None,iris
275,0.9665,RF,0.898052453994751,0.049573659896850586,None,letter_recognition
276,0.9590643274853801,RF,0.07757329940795898,0.0014619827270507812,RobustScaler,breast_cancer_wisconsin_diagnostic
277,0.9247594050743657,RF,0.20420169830322266,0.004675865173339844,RobustScaler,breast_cancer_wisconsin_original
278,0.6923076923076923,RF,0.04460406303405762,0.0014495849609375,RobustScaler,glass_identification
279,0.5714285714285714,RF,0.04613661766052246,0.0017535686492919922,RobustScaler,heart_disease
280,0.9814814814814815,RF,0.04153251647949219,0.0011820793151855469,RobustScaler,iris
281,0.9675,RF,0.8872737884521484,0.04961037635803223,RobustScaler,letter_recognition
282,0.9707602339181286,RF,0.07143330574035645,0.0013675689697265625,QuantileTransformer,breast_cancer_wisconsin_diagnostic
283,0.926509186351706,RF,0.20491933822631836,0.004671335220336914,QuantileTransformer,breast_cancer_wisconsin_original
284,0.676923076923077,RF,0.04539990425109863,0.0012845993041992188,QuantileTransformer,glass_identification
285,0.5494505494505495,RF,0.04510664939880371,0.0014584064483642578,QuantileTransformer,heart_disease
286,0.9814814814814815,RF,0.04045581817626953,0.0011751651763916016,QuantileTransformer,iris
287,0.9675,RF,0.8674907684326172,0.04820966720581055,QuantileTransformer,letter_recognition
288,0.9649122807017544,RF,0.0639643669128418,0.0018703937530517578,DecimalScaling,breast_cancer_wisconsin_diagnostic
289,0.8713910761154856,RF,0.1781916618347168,0.006165504455566406,DecimalScaling,breast_cancer_wisconsin_original
290,0.6615384615384615,RF,0.04369544982910156,0.0016596317291259766,DecimalScaling,glass_identification
291,0.5824175824175825,RF,0.04375028610229492,0.0017812252044677734,DecimalScaling,heart_disease
292,0.9814814814814815,RF,0.03973889350891113,0.0014395713806152344,DecimalScaling,iris
293,0.9678333333333333,RF,0.9110321998596191,0.04928469657897949,DecimalScaling,letter_recognition
294,0.9649122807017544,RF,0.0758829116821289,0.0020394325256347656,TanhTransformer,breast_cancer_wisconsin_diagnostic
295,0.926509186351706,RF,0.21421122550964355,0.004950284957885742,TanhTransformer,breast_cancer_wisconsin_original
296,0.7076923076923077,RF,0.04434657096862793,0.0016336441040039062,TanhTransformer,glass_identification
297,0.5714285714285714,RF,0.044135093688964844,0.001798391342163086,TanhTransformer,heart_disease
298,0.9814814814814815,RF,0.04112410545349121,0.0016391277313232422,TanhTransformer,iris
299,0.9676666666666667,RF,0.8551771640777588,0.047806739807128906,TanhTransformer,letter_recognition
300,0.9649122807017544,RF,0.07432365417480469,0.0018725395202636719,LogisticSigmoidTransformer,breast_cancer_wisconsin_diagnostic
301,0.9273840769903762,RF,0.20906639099121094,0.004957914352416992,LogisticSigmoidTransformer,breast_cancer_wisconsin_original
302,0.7230769230769231,RF,0.04563498497009277,0.0016641616821289062,LogisticSigmoidTransformer,glass_identification
303,0.5604395604395604,RF,0.045382022857666016,0.0018584728240966797,LogisticSigmoidTransformer,heart_disease
304,0.9814814814814815,RF,0.04125356674194336,0.0015263557434082031,LogisticSigmoidTransformer,iris
305,0.9651666666666666,RF,0.8870034217834473,0.0490260124206543,LogisticSigmoidTransformer,letter_recognition
306,0.9649122807017544,RF,0.07133173942565918,0.0018825531005859375,HyperbolicTangentTransformer,breast_cancer_wisconsin_diagnostic
307,0.9300087489063867,RF,0.21522235870361328,0.00503230094909668,HyperbolicTangentTransformer,breast_cancer_wisconsin_original
308,0.7076923076923077,RF,0.046591758728027344,0.0016417503356933594,HyperbolicTangentTransformer,glass_identification
309,0.5384615384615384,RF,0.04585099220275879,0.0018415451049804688,HyperbolicTangentTransformer,heart_disease
310,0.9814814814814815,RF,0.04254555702209473,0.0015964508056640625,HyperbolicTangentTransformer,iris
311,0.9665,RF,0.9090874195098877,0.049217939376831055,HyperbolicTangentTransformer,letter_recognition
312,0.9122807017543859,NB,0.0003561973571777344,8.225440979003906e-05,MinMaxScaler,breast_cancer_wisconsin_diagnostic
313,0.926509186351706,NB,0.00039076805114746094,8.96453857421875e-05,MinMaxScaler,breast_cancer_wisconsin_original
314,0.46153846153846156,NB,0.00030112266540527344,9.632110595703125e-05,MinMaxScaler,glass_identification
315,0.38461538461538464,NB,0.00029730796813964844,9.131431579589844e-05,MinMaxScaler,heart_disease
316,0.9444444444444444,NB,0.00026226043701171875,6.914138793945312e-05,MinMaxScaler,iris
317,0.6496666666666666,NB,0.0028717517852783203,0.003681182861328125,MinMaxScaler,letter_recognition
318,0.9122807017543859,NB,0.00048828125,0.00010800361633300781,MaxAbsScaler,breast_cancer_wisconsin_diagnostic
319,0.926509186351706,NB,0.0003955364227294922,8.869171142578125e-05,MaxAbsScaler,breast_cancer_wisconsin_original
320,0.46153846153846156,NB,0.00042438507080078125,0.00010395050048828125,MaxAbsScaler,glass_identification
321,0.38461538461538464,NB,0.00031304359436035156,9.965896606445312e-05,MaxAbsScaler,heart_disease
322,0.9444444444444444,NB,0.0002684593200683594,6.961822509765625e-05,MaxAbsScaler,iris
323,0.6496666666666666,NB,0.0025675296783447266,0.002876758575439453,MaxAbsScaler,letter_recognition
324,0.9122807017543859,NB,0.0003387928009033203,7.2479248046875e-05,StandardScaler,breast_cancer_wisconsin_diagnostic
325,0.926509186351706,NB,0.0005044937133789062,0.00011777877807617188,StandardScaler,breast_cancer_wisconsin_original
326,0.46153846153846156,NB,0.0003235340118408203,9.751319885253906e-05,StandardScaler,glass_identification
327,0.37362637362637363,NB,0.00033783912658691406,9.465217590332031e-05,StandardScaler,heart_disease
328,0.9444444444444444,NB,0.0002636909484863281,6.985664367675781e-05,StandardScaler,iris
329,0.6496666666666666,NB,0.002587556838989258,0.002939939498901367,StandardScaler,letter_recognition
330,0.9122807017543859,NB,0.0008366107940673828,0.0004839897155761719,ParetoScaling,breast_cancer_wisconsin_diagnostic
331,0.926509186351706,NB,0.000690460205078125,0.0003635883331298828,ParetoScaling,breast_cancer_wisconsin_original
332,0.46153846153846156,NB,0.0006098747253417969,0.0004031658172607422,ParetoScaling,glass_identification
333,0.4065934065934066,NB,0.0006392002105712891,0.00039458274841308594,ParetoScaling,heart_disease
334,0.9444444444444444,NB,0.0006644725799560547,0.000347137451171875,ParetoScaling,iris
335,0.6496666666666666,NB,0.002936840057373047,0.003197908401489258,ParetoScaling,letter_recognition
336,0.9122807017543859,NB,0.0007715225219726562,0.0004668235778808594,StandardStabilityScaling,breast_cancer_wisconsin_diagnostic
337,0.926509186351706,NB,0.0006475448608398438,0.0003235340118408203,StandardStabilityScaling,breast_cancer_wisconsin_original
338,0.47692307692307695,NB,0.0005648136138916016,0.0003528594970703125,StandardStabilityScaling,glass_identification
339,0.4175824175824176,NB,0.0005753040313720703,0.0003650188446044922,StandardStabilityScaling,heart_disease
340,0.9444444444444444,NB,0.0005464553833007812,0.0003428459167480469,StandardStabilityScaling,iris
341,0.6496666666666666,NB,0.002854585647583008,0.003196239471435547,StandardStabilityScaling,letter_recognition
342,0.9239766081871345,NB,0.0007534027099609375,0.00048089027404785156,MeanCentered,breast_cancer_wisconsin_diagnostic
343,0.9186351706036745,NB,0.0006508827209472656,0.0003173351287841797,MeanCentered,breast_cancer_wisconsin_original
344,0.46153846153846156,NB,0.0005562305450439453,0.0003657341003417969,MeanCentered,glass_identification
345,0.45054945054945056,NB,0.0005812644958496094,0.00035881996154785156,MeanCentered,heart_disease
346,0.9444444444444444,NB,0.0005364418029785156,0.0003421306610107422,MeanCentered,iris
347,0.6496666666666666,NB,0.0028181076049804688,0.0032148361206054688,MeanCentered,letter_recognition
348,0.9239766081871345,NB,0.0005679130554199219,0.00028967857360839844,None,breast_cancer_wisconsin_diagnostic
349,0.9186351706036745,NB,0.0006070137023925781,0.0003116130828857422,None,breast_cancer_wisconsin_original
350,0.46153846153846156,NB,0.0004930496215820312,0.00027871131896972656,None,glass_identification
351,0.45054945054945056,NB,0.0004942417144775391,0.00030040740966796875,None,heart_disease
352,0.9444444444444444,NB,0.0004553794860839844,0.0002770423889160156,None,iris
353,0.6496666666666666,NB,0.002981901168823242,0.00351715087890625,None,letter_recognition
354,0.9122807017543859,NB,0.000331878662109375,7.271766662597656e-05,RobustScaler,breast_cancer_wisconsin_diagnostic
355,0.926509186351706,NB,0.0004010200500488281,8.96453857421875e-05,RobustScaler,breast_cancer_wisconsin_original
356,0.46153846153846156,NB,0.00032639503479003906,9.942054748535156e-05,RobustScaler,glass_identification
357,0.38461538461538464,NB,0.0003371238708496094,9.608268737792969e-05,RobustScaler,heart_disease
358,0.9444444444444444,NB,0.0002663135528564453,8.487701416015625e-05,RobustScaler,iris
359,0.6496666666666666,NB,0.0024471282958984375,0.0028388500213623047,RobustScaler,letter_recognition
360,0.9239766081871345,NB,0.00036406517028808594,7.581710815429688e-05,QuantileTransformer,breast_cancer_wisconsin_diagnostic
361,0.9195100612423447,NB,0.000446319580078125,9.298324584960938e-05,QuantileTransformer,breast_cancer_wisconsin_original
362,0.6307692307692307,NB,0.00031065940856933594,9.72747802734375e-05,QuantileTransformer,glass_identification
363,0.3516483516483517,NB,0.0003027915954589844,9.131431579589844e-05,QuantileTransformer,heart_disease
364,1.0,NB,0.00027871131896972656,7.05718994140625e-05,QuantileTransformer,iris
365,0.6461666666666667,NB,0.002513408660888672,0.002802610397338867,QuantileTransformer,letter_recognition
366,0.9298245614035088,NB,0.0007350444793701172,0.0004658699035644531,DecimalScaling,breast_cancer_wisconsin_diagnostic
367,0.884514435695538,NB,0.0007073879241943359,0.0003867149353027344,DecimalScaling,breast_cancer_wisconsin_original
368,0.46153846153846156,NB,0.0005650520324707031,0.00034427642822265625,DecimalScaling,glass_identification
369,0.38461538461538464,NB,0.0005967617034912109,0.0003688335418701172,DecimalScaling,heart_disease
370,0.9444444444444444,NB,0.0005428791046142578,0.00035643577575683594,DecimalScaling,iris
371,0.6496666666666666,NB,0.0029184818267822266,0.003232717514038086,DecimalScaling,letter_recognition
372,0.9122807017543859,NB,0.0007829666137695312,0.0004754066467285156,TanhTransformer,breast_cancer_wisconsin_diagnostic
373,0.926509186351706,NB,0.0006852149963378906,0.00033402442932128906,TanhTransformer,breast_cancer_wisconsin_original
374,0.46153846153846156,NB,0.0006513595581054688,0.0003521442413330078,TanhTransformer,glass_identification
375,0.37362637362637363,NB,0.0005936622619628906,0.0003972053527832031,TanhTransformer,heart_disease
376,0.9444444444444444,NB,0.0005707740783691406,0.0003719329833984375,TanhTransformer,iris
377,0.6496666666666666,NB,0.0030198097229003906,0.0031883716583251953,TanhTransformer,letter_recognition
378,0.9181286549707602,NB,0.0007829666137695312,0.0004832744598388672,LogisticSigmoidTransformer,breast_cancer_wisconsin_diagnostic
379,0.9238845144356955,NB,0.0006916522979736328,0.0003376007080078125,LogisticSigmoidTransformer,breast_cancer_wisconsin_original
380,0.47692307692307695,NB,0.0006353855133056641,0.0003876686096191406,LogisticSigmoidTransformer,glass_identification
381,0.37362637362637363,NB,0.0006053447723388672,0.0003628730773925781,LogisticSigmoidTransformer,heart_disease
382,0.9629629629629629,NB,0.0005710124969482422,0.00034689903259277344,LogisticSigmoidTransformer,iris
383,0.6506666666666666,NB,0.002999544143676758,0.0032033920288085938,LogisticSigmoidTransformer,letter_recognition
384,0.9181286549707602,NB,0.0008957386016845703,0.0005044937133789062,HyperbolicTangentTransformer,breast_cancer_wisconsin_diagnostic
385,0.9238845144356955,NB,0.0008108615875244141,0.00034356117248535156,HyperbolicTangentTransformer,breast_cancer_wisconsin_original
386,0.47692307692307695,NB,0.0006000995635986328,0.0003573894500732422,HyperbolicTangentTransformer,glass_identification
387,0.37362637362637363,NB,0.0006411075592041016,0.00041866302490234375,HyperbolicTangentTransformer,heart_disease
388,0.9629629629629629,NB,0.0006327629089355469,0.000392913818359375,HyperbolicTangentTransformer,iris
389,0.6506666666666666,NB,0.0030934810638427734,0.0034301280975341797,HyperbolicTangentTransformer,letter_recognition
390,0.9005847953216374,CART,0.004067897796630859,7.843971252441406e-05,MinMaxScaler,breast_cancer_wisconsin_diagnostic
391,0.8958880139982502,CART,0.009394407272338867,0.0001404285430908203,MinMaxScaler,breast_cancer_wisconsin_original
392,0.6461538461538462,CART,0.0005862712860107422,6.818771362304688e-05,MinMaxScaler,glass_identification
393,0.5164835164835165,CART,0.0006051063537597656,8.463859558105469e-05,MinMaxScaler,heart_disease
394,0.9444444444444444,CART,0.0003952980041503906,4.863739013671875e-05,MinMaxScaler,iris
395,0.8731666666666666,CART,0.03849911689758301,0.0006678104400634766,MinMaxScaler,letter_recognition
396,0.9239766081871345,CART,0.003965139389038086,6.651878356933594e-05,MaxAbsScaler,breast_cancer_wisconsin_diagnostic
397,0.8932633420822397,CART,0.009366512298583984,0.00011134147644042969,MaxAbsScaler,breast_cancer_wisconsin_original
398,0.6615384615384615,CART,0.0005600452423095703,5.1021575927734375e-05,MaxAbsScaler,glass_identification
399,0.5714285714285714,CART,0.0005698204040527344,5.1975250244140625e-05,MaxAbsScaler,heart_disease
400,0.9629629629629629,CART,0.00039768218994140625,5.91278076171875e-05,MaxAbsScaler,iris
401,0.8746666666666667,CART,0.03885459899902344,0.0006883144378662109,MaxAbsScaler,letter_recognition
402,0.9239766081871345,CART,0.00397801399230957,6.961822509765625e-05,StandardScaler,breast_cancer_wisconsin_diagnostic
403,0.8923884514435696,CART,0.009407281875610352,0.00012826919555664062,StandardScaler,breast_cancer_wisconsin_original
404,0.6461538461538462,CART,0.000629425048828125,7.081031799316406e-05,StandardScaler,glass_identification
405,0.5494505494505495,CART,0.0005800724029541016,5.340576171875e-05,StandardScaler,heart_disease
406,0.9444444444444444,CART,0.00038909912109375,4.744529724121094e-05,StandardScaler,iris
407,0.8751666666666666,CART,0.0384058952331543,0.0006608963012695312,StandardScaler,letter_recognition
408,0.9239766081871345,CART,0.004419565200805664,0.0004889965057373047,ParetoScaling,breast_cancer_wisconsin_diagnostic
409,0.8976377952755905,CART,0.009521484375,0.0004584789276123047,ParetoScaling,breast_cancer_wisconsin_original
410,0.6615384615384615,CART,0.0008158683776855469,0.0002956390380859375,ParetoScaling,glass_identification
411,0.5164835164835165,CART,0.0008783340454101562,0.00042510032653808594,ParetoScaling,heart_disease
412,0.9259259259259259,CART,0.0007266998291015625,0.0003197193145751953,ParetoScaling,iris
413,0.8751666666666666,CART,0.03899502754211426,0.001062631607055664,ParetoScaling,letter_recognition
414,0.9181286549707602,CART,0.004416227340698242,0.00046133995056152344,StandardStabilityScaling,breast_cancer_wisconsin_diagnostic
415,0.8915135608048994,CART,0.009543895721435547,0.0003867149353027344,StandardStabilityScaling,breast_cancer_wisconsin_original
416,0.676923076923077,CART,0.0008289813995361328,0.0003032684326171875,StandardStabilityScaling,glass_identification
417,0.5384615384615384,CART,0.0008540153503417969,0.00032329559326171875,StandardStabilityScaling,heart_disease
418,0.9444444444444444,CART,0.0006895065307617188,0.00037670135498046875,StandardStabilityScaling,iris
419,0.8738333333333334,CART,0.03861045837402344,0.0010471343994140625,StandardStabilityScaling,letter_recognition
420,0.935672514619883,CART,0.00436854362487793,0.0004546642303466797,MeanCentered,breast_cancer_wisconsin_diagnostic
421,0.8923884514435696,CART,0.009461402893066406,0.00036644935607910156,MeanCentered,breast_cancer_wisconsin_original
422,0.6615384615384615,CART,0.0008139610290527344,0.0002999305725097656,MeanCentered,glass_identification
423,0.5494505494505495,CART,0.0008492469787597656,0.0003361701965332031,MeanCentered,heart_disease
424,0.9444444444444444,CART,0.0006759166717529297,0.0003211498260498047,MeanCentered,iris
425,0.8756666666666667,CART,0.03891134262084961,0.0010449886322021484,MeanCentered,letter_recognition
426,0.9064327485380117,CART,0.004204750061035156,0.00030040740966796875,None,breast_cancer_wisconsin_diagnostic
427,0.8862642169728784,CART,0.009495258331298828,0.00039196014404296875,None,breast_cancer_wisconsin_original
428,0.6153846153846154,CART,0.0007786750793457031,0.00024247169494628906,None,glass_identification
429,0.5274725274725275,CART,0.0007855892181396484,0.00027632713317871094,None,heart_disease
430,0.9629629629629629,CART,0.0005950927734375,0.0002608299255371094,None,iris
431,0.8761666666666666,CART,0.03856062889099121,0.0009624958038330078,None,letter_recognition
432,0.9122807017543859,CART,0.00396418571472168,7.43865966796875e-05,RobustScaler,breast_cancer_wisconsin_diagnostic
433,0.8888888888888888,CART,0.00924825668334961,0.00011610984802246094,RobustScaler,breast_cancer_wisconsin_original
434,0.6,CART,0.0005903244018554688,6.29425048828125e-05,RobustScaler,glass_identification
435,0.5384615384615384,CART,0.0005717277526855469,5.269050598144531e-05,RobustScaler,heart_disease
436,0.9259259259259259,CART,0.0003991127014160156,4.8160552978515625e-05,RobustScaler,iris
437,0.8771666666666667,CART,0.038341522216796875,0.0006012916564941406,RobustScaler,letter_recognition
438,0.9239766081871345,CART,0.003930807113647461,6.794929504394531e-05,QuantileTransformer,breast_cancer_wisconsin_diagnostic
439,0.889763779527559,CART,0.00992727279663086,0.00018143653869628906,QuantileTransformer,breast_cancer_wisconsin_original
440,0.6307692307692307,CART,0.0006105899810791016,5.626678466796875e-05,QuantileTransformer,glass_identification
441,0.5274725274725275,CART,0.0005893707275390625,5.269050598144531e-05,QuantileTransformer,heart_disease
442,0.8518518518518519,CART,0.00040221214294433594,4.982948303222656e-05,QuantileTransformer,iris
443,0.8743333333333333,CART,0.03822469711303711,0.0005707740783691406,QuantileTransformer,letter_recognition
444,0.9181286549707602,CART,0.0027489662170410156,0.0004582405090332031,DecimalScaling,breast_cancer_wisconsin_diagnostic
445,0.8381452318460193,CART,0.004175901412963867,0.00036144256591796875,DecimalScaling,breast_cancer_wisconsin_original
446,0.6,CART,0.0007445812225341797,0.00029087066650390625,DecimalScaling,glass_identification
447,0.5604395604395604,CART,0.0008566379547119141,0.0003223419189453125,DecimalScaling,heart_disease
448,0.9259259259259259,CART,0.0006661415100097656,0.0003230571746826172,DecimalScaling,iris
449,0.8766666666666667,CART,0.038834333419799805,0.001058340072631836,DecimalScaling,letter_recognition
450,0.935672514619883,CART,0.004395246505737305,0.00044989585876464844,TanhTransformer,breast_cancer_wisconsin_diagnostic
451,0.8923884514435696,CART,0.009503841400146484,0.0003528594970703125,TanhTransformer,breast_cancer_wisconsin_original
452,0.6307692307692307,CART,0.0008258819580078125,0.0003025531768798828,TanhTransformer,glass_identification
453,0.5714285714285714,CART,0.0008711814880371094,0.00032973289489746094,TanhTransformer,heart_disease
454,0.9259259259259259,CART,0.0006861686706542969,0.00032782554626464844,TanhTransformer,iris
455,0.8768333333333334,CART,0.03870439529418945,0.0009608268737792969,TanhTransformer,letter_recognition
456,0.9239766081871345,CART,0.0043523311614990234,0.0004565715789794922,LogisticSigmoidTransformer,breast_cancer_wisconsin_diagnostic
457,0.8871391076115486,CART,0.009490489959716797,0.0003447532653808594,LogisticSigmoidTransformer,breast_cancer_wisconsin_original
458,0.6615384615384615,CART,0.0008127689361572266,0.0003032684326171875,LogisticSigmoidTransformer,glass_identification
459,0.5604395604395604,CART,0.0008592605590820312,0.000335693359375,LogisticSigmoidTransformer,heart_disease
460,0.9444444444444444,CART,0.0006811618804931641,0.00031948089599609375,LogisticSigmoidTransformer,iris
461,0.8718333333333333,CART,0.039504051208496094,0.0009720325469970703,LogisticSigmoidTransformer,letter_recognition
462,0.9122807017543859,CART,0.004355192184448242,0.0004477500915527344,HyperbolicTangentTransformer,breast_cancer_wisconsin_diagnostic
463,0.8923884514435696,CART,0.009427785873413086,0.0003407001495361328,HyperbolicTangentTransformer,breast_cancer_wisconsin_original
464,0.6,CART,0.0008072853088378906,0.0003058910369873047,HyperbolicTangentTransformer,glass_identification
465,0.5494505494505495,CART,0.0008561611175537109,0.0003323554992675781,HyperbolicTangentTransformer,heart_disease
466,0.9259259259259259,CART,0.0006802082061767578,0.00031948089599609375,HyperbolicTangentTransformer,iris
467,0.8741666666666666,CART,0.03866720199584961,0.0009753704071044922,HyperbolicTangentTransformer,letter_recognition
468,0.9824561403508771,LGBM,0.030438661575317383,0.0006227493286132812,MinMaxScaler,breast_cancer_wisconsin_diagnostic
469,0.9203849518810149,LGBM,0.030107498168945312,0.0007147789001464844,MinMaxScaler,breast_cancer_wisconsin_original
470,0.7384615384615385,LGBM,0.04284977912902832,0.0006327629089355469,MinMaxScaler,glass_identification
471,0.5494505494505495,LGBM,0.053528785705566406,0.000705718994140625,MinMaxScaler,heart_disease
472,0.9629629629629629,LGBM,0.015593290328979492,0.0005271434783935547,MinMaxScaler,iris
473,0.9705,LGBM,1.1435763835906982,0.06113839149475098,MinMaxScaler,letter_recognition
474,0.9824561403508771,LGBM,0.02304530143737793,0.0005085468292236328,MaxAbsScaler,breast_cancer_wisconsin_diagnostic
475,0.9186351706036745,LGBM,0.030274152755737305,0.0008192062377929688,MaxAbsScaler,breast_cancer_wisconsin_original
476,0.7384615384615385,LGBM,0.04270029067993164,0.0006461143493652344,MaxAbsScaler,glass_identification
477,0.5274725274725275,LGBM,0.04996800422668457,0.0008118152618408203,MaxAbsScaler,heart_disease
478,0.9629629629629629,LGBM,0.01600170135498047,0.0004258155822753906,MaxAbsScaler,iris
479,0.9705,LGBM,1.171684980392456,0.06187081336975098,MaxAbsScaler,letter_recognition
480,0.9824561403508771,LGBM,0.025534629821777344,0.0006911754608154297,StandardScaler,breast_cancer_wisconsin_diagnostic
481,0.9256342957130359,LGBM,0.032820701599121094,0.0009429454803466797,StandardScaler,breast_cancer_wisconsin_original
482,0.7230769230769231,LGBM,0.03725552558898926,0.0006620883941650391,StandardScaler,glass_identification
483,0.5384615384615384,LGBM,0.04135918617248535,0.0007796287536621094,StandardScaler,heart_disease
484,0.9629629629629629,LGBM,0.016997098922729492,0.0005445480346679688,StandardScaler,iris
485,0.9713333333333334,LGBM,1.2041771411895752,0.06331944465637207,StandardScaler,letter_recognition
486,0.9824561403508771,LGBM,0.025218725204467773,0.0009307861328125,ParetoScaling,breast_cancer_wisconsin_diagnostic
487,0.9256342957130359,LGBM,0.03249764442443848,0.0010371208190917969,ParetoScaling,breast_cancer_wisconsin_original
488,0.7230769230769231,LGBM,0.03767061233520508,0.0008919239044189453,ParetoScaling,glass_identification
489,0.5384615384615384,LGBM,0.04336714744567871,0.0009999275207519531,ParetoScaling,heart_disease
490,0.9629629629629629,LGBM,0.018121004104614258,0.0007295608520507812,ParetoScaling,iris
491,0.9713333333333334,LGBM,1.1682209968566895,0.06188559532165527,ParetoScaling,letter_recognition
492,0.9824561403508771,LGBM,0.0261533260345459,0.0007932186126708984,StandardStabilityScaling,breast_cancer_wisconsin_diagnostic
493,0.9256342957130359,LGBM,0.03316760063171387,0.001104116439819336,StandardStabilityScaling,breast_cancer_wisconsin_original
494,0.7230769230769231,LGBM,0.039502620697021484,0.0010068416595458984,StandardStabilityScaling,glass_identification
495,0.5384615384615384,LGBM,0.04102659225463867,0.0008301734924316406,StandardStabilityScaling,heart_disease
496,0.9629629629629629,LGBM,0.01590442657470703,0.0007600784301757812,StandardStabilityScaling,iris
497,0.9713333333333334,LGBM,1.148529291152954,0.062383174896240234,StandardStabilityScaling,letter_recognition
498,0.9824561403508771,LGBM,0.02514934539794922,0.0008485317230224609,MeanCentered,breast_cancer_wisconsin_diagnostic
499,0.9256342957130359,LGBM,0.032030582427978516,0.001003265380859375,MeanCentered,breast_cancer_wisconsin_original
500,0.7230769230769231,LGBM,0.03609776496887207,0.0008237361907958984,MeanCentered,glass_identification
501,0.5384615384615384,LGBM,0.03951382637023926,0.0008094310760498047,MeanCentered,heart_disease
502,0.9629629629629629,LGBM,0.015935659408569336,0.0005478858947753906,MeanCentered,iris
503,0.9713333333333334,LGBM,1.1838459968566895,0.06199026107788086,MeanCentered,letter_recognition
504,0.9824561403508771,LGBM,0.022697925567626953,0.0006361007690429688,None,breast_cancer_wisconsin_diagnostic
505,0.9186351706036745,LGBM,0.02978348731994629,0.0008983612060546875,None,breast_cancer_wisconsin_original
506,0.7384615384615385,LGBM,0.043117523193359375,0.0007574558258056641,None,glass_identification
507,0.5274725274725275,LGBM,0.04407191276550293,0.0009021759033203125,None,heart_disease
508,0.9629629629629629,LGBM,0.016613245010375977,0.0005841255187988281,None,iris
509,0.9705,LGBM,1.172210693359375,0.06473064422607422,None,letter_recognition
510,0.9883040935672515,LGBM,0.024535179138183594,0.0005881786346435547,RobustScaler,breast_cancer_wisconsin_diagnostic
511,0.9273840769903762,LGBM,0.03178548812866211,0.0009059906005859375,RobustScaler,breast_cancer_wisconsin_original
512,0.7076923076923077,LGBM,0.04306221008300781,0.0006749629974365234,RobustScaler,glass_identification
513,0.5274725274725275,LGBM,0.045456647872924805,0.0007023811340332031,RobustScaler,heart_disease
514,0.9629629629629629,LGBM,0.016738176345825195,0.0005359649658203125,RobustScaler,iris
515,0.9713333333333334,LGBM,1.2375764846801758,0.06512737274169922,RobustScaler,letter_recognition
516,0.9824561403508771,LGBM,0.025562763214111328,0.0006597042083740234,QuantileTransformer,breast_cancer_wisconsin_diagnostic
517,0.9203849518810149,LGBM,0.030315876007080078,0.0008349418640136719,QuantileTransformer,breast_cancer_wisconsin_original
518,0.7230769230769231,LGBM,0.04067492485046387,0.0006537437438964844,QuantileTransformer,glass_identification
519,0.5494505494505495,LGBM,0.043674468994140625,0.0006463527679443359,QuantileTransformer,heart_disease
520,0.9629629629629629,LGBM,0.015442132949829102,0.000453948974609375,QuantileTransformer,iris
521,0.9705,LGBM,1.220858097076416,0.06399106979370117,QuantileTransformer,letter_recognition
522,0.9824561403508771,LGBM,0.023233413696289062,0.0008637905120849609,DecimalScaling,breast_cancer_wisconsin_diagnostic
523,0.9186351706036745,LGBM,0.03083944320678711,0.0009546279907226562,DecimalScaling,breast_cancer_wisconsin_original
524,0.7384615384615385,LGBM,0.04169464111328125,0.0008893013000488281,DecimalScaling,glass_identification
525,0.5274725274725275,LGBM,0.04895353317260742,0.000993967056274414,DecimalScaling,heart_disease
526,0.9629629629629629,LGBM,0.015393972396850586,0.0006384849548339844,DecimalScaling,iris
527,0.9705,LGBM,1.1772162914276123,0.06240081787109375,DecimalScaling,letter_recognition
528,0.9824561403508771,LGBM,0.0241391658782959,0.0007574558258056641,TanhTransformer,breast_cancer_wisconsin_diagnostic
529,0.9186351706036745,LGBM,0.03283286094665527,0.001039743423461914,TanhTransformer,breast_cancer_wisconsin_original
530,0.7384615384615385,LGBM,0.0364987850189209,0.0008642673492431641,TanhTransformer,glass_identification
531,0.5384615384615384,LGBM,0.04163765907287598,0.0010602474212646484,TanhTransformer,heart_disease
532,0.9629629629629629,LGBM,0.01705002784729004,0.0007722377777099609,TanhTransformer,iris
533,0.97,LGBM,1.234053611755371,0.06298637390136719,TanhTransformer,letter_recognition
534,0.9824561403508771,LGBM,0.02388286590576172,0.0008924007415771484,LogisticSigmoidTransformer,breast_cancer_wisconsin_diagnostic
535,0.9186351706036745,LGBM,0.03202652931213379,0.001377105712890625,LogisticSigmoidTransformer,breast_cancer_wisconsin_original
536,0.7384615384615385,LGBM,0.037574052810668945,0.0012497901916503906,LogisticSigmoidTransformer,glass_identification
537,0.5384615384615384,LGBM,0.04712224006652832,0.0009686946868896484,LogisticSigmoidTransformer,heart_disease
538,0.9629629629629629,LGBM,0.016637325286865234,0.00090789794921875,LogisticSigmoidTransformer,iris
539,0.97,LGBM,1.1997437477111816,0.06593966484069824,LogisticSigmoidTransformer,letter_recognition
540,0.9824561403508771,LGBM,0.0257108211517334,0.001071929931640625,HyperbolicTangentTransformer,breast_cancer_wisconsin_diagnostic
541,0.9256342957130359,LGBM,0.03412151336669922,0.0011286735534667969,HyperbolicTangentTransformer,breast_cancer_wisconsin_original
542,0.7230769230769231,LGBM,0.03664422035217285,0.0009057521820068359,HyperbolicTangentTransformer,glass_identification
543,0.5384615384615384,LGBM,0.0418391227722168,0.0009145736694335938,HyperbolicTangentTransformer,heart_disease
544,0.9629629629629629,LGBM,0.015507936477661133,0.0007071495056152344,HyperbolicTangentTransformer,iris
545,0.9713333333333334,LGBM,1.2427895069122314,0.06345343589782715,HyperbolicTangentTransformer,letter_recognition
546,0.9649122807017544,Ada,0.06821155548095703,0.0018839836120605469,MinMaxScaler,breast_cancer_wisconsin_diagnostic
547,0.9282589676290464,Ada,0.10639476776123047,0.0027315616607666016,MinMaxScaler,breast_cancer_wisconsin_original
548,0.49230769230769234,Ada,0.031009912490844727,0.0016353130340576172,MinMaxScaler,glass_identification
549,0.5164835164835165,Ada,0.028340816497802734,0.0017290115356445312,MinMaxScaler,heart_disease
550,0.8888888888888888,Ada,0.029541015625,0.002748250961303711,MinMaxScaler,iris
551,0.3175,Ada,0.37674880027770996,0.020753145217895508,MinMaxScaler,letter_recognition
552,0.9649122807017544,Ada,0.06494665145874023,0.0018281936645507812,MaxAbsScaler,breast_cancer_wisconsin_diagnostic
553,0.9282589676290464,Ada,0.10391736030578613,0.0027794837951660156,MaxAbsScaler,breast_cancer_wisconsin_original
554,0.49230769230769234,Ada,0.030458927154541016,0.0018110275268554688,MaxAbsScaler,glass_identification
555,0.5164835164835165,Ada,0.027306795120239258,0.0017125606536865234,MaxAbsScaler,heart_disease
556,0.8888888888888888,Ada,0.029374361038208008,0.0015628337860107422,MaxAbsScaler,iris
557,0.3175,Ada,0.3852519989013672,0.020717144012451172,MaxAbsScaler,letter_recognition
558,0.9649122807017544,Ada,0.0656747817993164,0.0017549991607666016,StandardScaler,breast_cancer_wisconsin_diagnostic
559,0.9282589676290464,Ada,0.10401177406311035,0.0026433467864990234,StandardScaler,breast_cancer_wisconsin_original
560,0.49230769230769234,Ada,0.027605056762695312,0.0016100406646728516,StandardScaler,glass_identification
561,0.5164835164835165,Ada,0.02572774887084961,0.0016889572143554688,StandardScaler,heart_disease
562,0.8888888888888888,Ada,0.02877354621887207,0.0022840499877929688,StandardScaler,iris
563,0.3175,Ada,0.3744378089904785,0.020348310470581055,StandardScaler,letter_recognition
564,0.9649122807017544,Ada,0.06725764274597168,0.002320528030395508,ParetoScaling,breast_cancer_wisconsin_diagnostic
565,0.9282589676290464,Ada,0.10081076622009277,0.0030379295349121094,ParetoScaling,breast_cancer_wisconsin_original
566,0.49230769230769234,Ada,0.026947498321533203,0.002041339874267578,ParetoScaling,glass_identification
567,0.5164835164835165,Ada,0.02740192413330078,0.002140045166015625,ParetoScaling,heart_disease
568,0.8888888888888888,Ada,0.028209686279296875,0.0021669864654541016,ParetoScaling,iris
569,0.3175,Ada,0.37264585494995117,0.021089553833007812,ParetoScaling,letter_recognition
570,0.9649122807017544,Ada,0.0646049976348877,0.002290964126586914,StandardStabilityScaling,breast_cancer_wisconsin_diagnostic
571,0.9282589676290464,Ada,0.10235166549682617,0.0032618045806884766,StandardStabilityScaling,breast_cancer_wisconsin_original
572,0.49230769230769234,Ada,0.028426647186279297,0.001993417739868164,StandardStabilityScaling,glass_identification
573,0.5164835164835165,Ada,0.027091026306152344,0.002165079116821289,StandardStabilityScaling,heart_disease
574,0.8888888888888888,Ada,0.028650283813476562,0.001990079879760742,StandardStabilityScaling,iris
575,0.3175,Ada,0.36952996253967285,0.01956915855407715,StandardStabilityScaling,letter_recognition
576,0.9649122807017544,Ada,0.06318926811218262,0.0022881031036376953,MeanCentered,breast_cancer_wisconsin_diagnostic
577,0.9282589676290464,Ada,0.10027694702148438,0.0029973983764648438,MeanCentered,breast_cancer_wisconsin_original
578,0.49230769230769234,Ada,0.02652573585510254,0.002140522003173828,MeanCentered,glass_identification
579,0.5164835164835165,Ada,0.026438236236572266,0.0020606517791748047,MeanCentered,heart_disease
580,0.8888888888888888,Ada,0.030213117599487305,0.0021393299102783203,MeanCentered,iris
581,0.3175,Ada,0.36211538314819336,0.019133806228637695,MeanCentered,letter_recognition
582,0.9649122807017544,Ada,0.0624394416809082,0.0020761489868164062,None,breast_cancer_wisconsin_diagnostic
583,0.9282589676290464,Ada,0.10012102127075195,0.0029883384704589844,None,breast_cancer_wisconsin_original
584,0.49230769230769234,Ada,0.02697587013244629,0.0018987655639648438,None,glass_identification
585,0.5164835164835165,Ada,0.025779247283935547,0.0019812583923339844,None,heart_disease
586,0.8888888888888888,Ada,0.027016639709472656,0.0018973350524902344,None,iris
587,0.3175,Ada,0.3602299690246582,0.019797801971435547,None,letter_recognition
588,0.9649122807017544,Ada,0.06286406517028809,0.0017549991607666016,RobustScaler,breast_cancer_wisconsin_diagnostic
589,0.9282589676290464,Ada,0.0997166633605957,0.0025904178619384766,RobustScaler,breast_cancer_wisconsin_original
590,0.49230769230769234,Ada,0.025464296340942383,0.0015990734100341797,RobustScaler,glass_identification
591,0.5164835164835165,Ada,0.025316476821899414,0.0016193389892578125,RobustScaler,heart_disease
592,0.8888888888888888,Ada,0.026211977005004883,0.0015556812286376953,RobustScaler,iris
593,0.3175,Ada,0.3596000671386719,0.019959211349487305,RobustScaler,letter_recognition
594,0.9649122807017544,Ada,0.06403470039367676,0.001741170883178711,QuantileTransformer,breast_cancer_wisconsin_diagnostic
595,0.9282589676290464,Ada,0.1024017333984375,0.0026171207427978516,QuantileTransformer,breast_cancer_wisconsin_original
596,0.49230769230769234,Ada,0.026064395904541016,0.001567840576171875,QuantileTransformer,glass_identification
597,0.5164835164835165,Ada,0.025872230529785156,0.0017535686492919922,QuantileTransformer,heart_disease
598,0.8888888888888888,Ada,0.02655768394470215,0.0015833377838134766,QuantileTransformer,iris
599,0.3175,Ada,0.3700752258300781,0.019154787063598633,QuantileTransformer,letter_recognition
600,0.9532163742690059,Ada,0.05202436447143555,0.0022029876708984375,DecimalScaling,breast_cancer_wisconsin_diagnostic
601,0.8853893263342082,Ada,0.08200216293334961,0.002916097640991211,DecimalScaling,breast_cancer_wisconsin_original
602,0.49230769230769234,Ada,0.025244474411010742,0.0019588470458984375,DecimalScaling,glass_identification
603,0.5164835164835165,Ada,0.026293039321899414,0.0020160675048828125,DecimalScaling,heart_disease
604,0.8888888888888888,Ada,0.02730393409729004,0.0019240379333496094,DecimalScaling,iris
605,0.3175,Ada,0.3624691963195801,0.01923394203186035,DecimalScaling,letter_recognition
606,0.9649122807017544,Ada,0.06274104118347168,0.002276897430419922,TanhTransformer,breast_cancer_wisconsin_diagnostic
607,0.9282589676290464,Ada,0.09946346282958984,0.002985715866088867,TanhTransformer,breast_cancer_wisconsin_original
608,0.49230769230769234,Ada,0.02591562271118164,0.001997709274291992,TanhTransformer,glass_identification
609,0.5164835164835165,Ada,0.02576136589050293,0.0021004676818847656,TanhTransformer,heart_disease
610,0.8888888888888888,Ada,0.029414892196655273,0.0021309852600097656,TanhTransformer,iris
611,0.3175,Ada,0.371640682220459,0.0195925235748291,TanhTransformer,letter_recognition
612,0.9649122807017544,Ada,0.0649099349975586,0.0026023387908935547,LogisticSigmoidTransformer,breast_cancer_wisconsin_diagnostic
613,0.9282589676290464,Ada,0.10682058334350586,0.0032825469970703125,LogisticSigmoidTransformer,breast_cancer_wisconsin_original
614,0.49230769230769234,Ada,0.029696941375732422,0.0026748180389404297,LogisticSigmoidTransformer,glass_identification
615,0.5164835164835165,Ada,0.030918359756469727,0.002127408981323242,LogisticSigmoidTransformer,heart_disease
616,0.8888888888888888,Ada,0.030776023864746094,0.0020618438720703125,LogisticSigmoidTransformer,iris
617,0.3175,Ada,0.3831205368041992,0.020472049713134766,LogisticSigmoidTransformer,letter_recognition
618,0.9649122807017544,Ada,0.06301641464233398,0.002315998077392578,HyperbolicTangentTransformer,breast_cancer_wisconsin_diagnostic
619,0.9282589676290464,Ada,0.10753154754638672,0.0032956600189208984,HyperbolicTangentTransformer,breast_cancer_wisconsin_original
620,0.49230769230769234,Ada,0.0278017520904541,0.0022974014282226562,HyperbolicTangentTransformer,glass_identification
621,0.5164835164835165,Ada,0.028021574020385742,0.0022101402282714844,HyperbolicTangentTransformer,heart_disease
622,0.8888888888888888,Ada,0.027579784393310547,0.002195596694946289,HyperbolicTangentTransformer,iris
623,0.3175,Ada,0.37636852264404297,0.020766019821166992,HyperbolicTangentTransformer,letter_recognition
624,0.9649122807017544,CatBoost,1.0697665214538574,0.0005211830139160156,MinMaxScaler,breast_cancer_wisconsin_diagnostic
625,0.9300087489063867,CatBoost,0.9356060028076172,0.0008971691131591797,MinMaxScaler,breast_cancer_wisconsin_original
626,0.6923076923076923,CatBoost,0.8341913223266602,0.0009253025054931641,MinMaxScaler,glass_identification
627,0.5714285714285714,CatBoost,0.6827774047851562,0.0007066726684570312,MinMaxScaler,heart_disease
628,0.9629629629629629,CatBoost,0.6006560325622559,0.00040459632873535156,MinMaxScaler,iris
629,0.9688333333333333,CatBoost,6.352713346481323,0.005396842956542969,MinMaxScaler,letter_recognition
630,0.9649122807017544,CatBoost,1.0194487571716309,0.0005815029144287109,MaxAbsScaler,breast_cancer_wisconsin_diagnostic
631,0.9308836395450568,CatBoost,0.9398696422576904,0.0010459423065185547,MaxAbsScaler,breast_cancer_wisconsin_original
632,0.6923076923076923,CatBoost,0.8414833545684814,0.0005803108215332031,MaxAbsScaler,glass_identification
633,0.5714285714285714,CatBoost,0.7156727313995361,0.0006844997406005859,MaxAbsScaler,heart_disease
634,0.9629629629629629,CatBoost,0.608210563659668,0.0005962848663330078,MaxAbsScaler,iris
635,0.9688333333333333,CatBoost,6.290031671524048,0.00591278076171875,MaxAbsScaler,letter_recognition
636,0.9649122807017544,CatBoost,0.9961798191070557,0.0004961490631103516,StandardScaler,breast_cancer_wisconsin_diagnostic
637,0.9300087489063867,CatBoost,0.931424617767334,0.0006558895111083984,StandardScaler,breast_cancer_wisconsin_original
638,0.6923076923076923,CatBoost,0.8386526107788086,0.0007495880126953125,StandardScaler,glass_identification
639,0.5714285714285714,CatBoost,0.6919665336608887,0.0007612705230712891,StandardScaler,heart_disease
640,0.9629629629629629,CatBoost,0.5985851287841797,0.0005583763122558594,StandardScaler,iris
641,0.9688333333333333,CatBoost,6.318093299865723,0.004800081253051758,StandardScaler,letter_recognition
642,0.9649122807017544,CatBoost,1.0043144226074219,0.0009489059448242188,ParetoScaling,breast_cancer_wisconsin_diagnostic
643,0.9300087489063867,CatBoost,0.9307451248168945,0.0011055469512939453,ParetoScaling,breast_cancer_wisconsin_original
644,0.6923076923076923,CatBoost,0.8471870422363281,0.0008149147033691406,ParetoScaling,glass_identification
645,0.5714285714285714,CatBoost,0.6828551292419434,0.0009751319885253906,ParetoScaling,heart_disease
646,0.9629629629629629,CatBoost,0.6180286407470703,0.0007791519165039062,ParetoScaling,iris
647,0.9688333333333333,CatBoost,6.312700033187866,0.005217552185058594,ParetoScaling,letter_recognition
648,0.9649122807017544,CatBoost,1.0302519798278809,0.000885009765625,StandardStabilityScaling,breast_cancer_wisconsin_diagnostic
649,0.9300087489063867,CatBoost,0.9420592784881592,0.0009684562683105469,StandardStabilityScaling,breast_cancer_wisconsin_original
650,0.6923076923076923,CatBoost,0.8436214923858643,0.0008640289306640625,StandardStabilityScaling,glass_identification
651,0.5714285714285714,CatBoost,0.7039010524749756,0.0007829666137695312,StandardStabilityScaling,heart_disease
652,0.9629629629629629,CatBoost,0.6024839878082275,0.0007300376892089844,StandardStabilityScaling,iris
653,0.9688333333333333,CatBoost,6.325088739395142,0.005174160003662109,StandardStabilityScaling,letter_recognition
654,0.9649122807017544,CatBoost,0.972646951675415,0.0008914470672607422,MeanCentered,breast_cancer_wisconsin_diagnostic
655,0.9300087489063867,CatBoost,0.9148352146148682,0.0010006427764892578,MeanCentered,breast_cancer_wisconsin_original
656,0.6923076923076923,CatBoost,0.8161971569061279,0.0008540153503417969,MeanCentered,glass_identification
657,0.5714285714285714,CatBoost,0.6728172302246094,0.0007922649383544922,MeanCentered,heart_disease
658,0.9629629629629629,CatBoost,0.5733182430267334,0.0007395744323730469,MeanCentered,iris
659,0.9688333333333333,CatBoost,6.007418394088745,0.005112171173095703,MeanCentered,letter_recognition
660,0.9649122807017544,CatBoost,0.9728190898895264,0.0009965896606445312,None,breast_cancer_wisconsin_diagnostic
661,0.9308836395450568,CatBoost,0.9575810432434082,0.0009484291076660156,None,breast_cancer_wisconsin_original
662,0.6923076923076923,CatBoost,0.8595349788665771,0.0009682178497314453,None,glass_identification
663,0.5714285714285714,CatBoost,0.7080028057098389,0.0010535717010498047,None,heart_disease
664,0.9629629629629629,CatBoost,0.5889837741851807,0.0007596015930175781,None,iris
665,0.9688333333333333,CatBoost,6.135481119155884,0.005455970764160156,None,letter_recognition
666,0.9649122807017544,CatBoost,1.0008301734924316,0.0005617141723632812,RobustScaler,breast_cancer_wisconsin_diagnostic
667,0.9300087489063867,CatBoost,0.9471652507781982,0.000896453857421875,RobustScaler,breast_cancer_wisconsin_original
668,0.6923076923076923,CatBoost,0.8410956859588623,0.00072479248046875,RobustScaler,glass_identification
669,0.5714285714285714,CatBoost,0.697594165802002,0.0006482601165771484,RobustScaler,heart_disease
670,0.9629629629629629,CatBoost,0.6103897094726562,0.0004820823669433594,RobustScaler,iris
671,0.9688333333333333,CatBoost,6.292763710021973,0.004286766052246094,RobustScaler,letter_recognition
672,0.9649122807017544,CatBoost,0.9618198871612549,0.00044083595275878906,QuantileTransformer,breast_cancer_wisconsin_diagnostic
673,0.9300087489063867,CatBoost,0.9080462455749512,0.0008547306060791016,QuantileTransformer,breast_cancer_wisconsin_original
674,0.6923076923076923,CatBoost,0.8262410163879395,0.0004837512969970703,QuantileTransformer,glass_identification
675,0.5714285714285714,CatBoost,0.6615455150604248,0.0005466938018798828,QuantileTransformer,heart_disease
676,0.9629629629629629,CatBoost,0.5870096683502197,0.00044727325439453125,QuantileTransformer,iris
677,0.9688333333333333,CatBoost,6.131485223770142,0.004174947738647461,QuantileTransformer,letter_recognition
678,0.9649122807017544,CatBoost,0.9545855522155762,0.0009582042694091797,DecimalScaling,breast_cancer_wisconsin_diagnostic
679,0.9291338582677166,CatBoost,0.9044797420501709,0.0009603500366210938,DecimalScaling,breast_cancer_wisconsin_original
680,0.6923076923076923,CatBoost,0.8294479846954346,0.000978708267211914,DecimalScaling,glass_identification
681,0.5714285714285714,CatBoost,0.6851880550384521,0.0010194778442382812,DecimalScaling,heart_disease
682,0.9629629629629629,CatBoost,0.5591206550598145,0.0007562637329101562,DecimalScaling,iris
683,0.9688333333333333,CatBoost,5.920103311538696,0.0057544708251953125,DecimalScaling,letter_recognition
684,0.9649122807017544,CatBoost,0.9513833522796631,0.0010554790496826172,TanhTransformer,breast_cancer_wisconsin_diagnostic
685,0.9282589676290464,CatBoost,0.8916876316070557,0.0008530616760253906,TanhTransformer,breast_cancer_wisconsin_original
686,0.6923076923076923,CatBoost,0.8044378757476807,0.0007104873657226562,TanhTransformer,glass_identification
687,0.5714285714285714,CatBoost,0.6698670387268066,0.0007348060607910156,TanhTransformer,heart_disease
688,0.9629629629629629,CatBoost,0.5674397945404053,0.0008015632629394531,TanhTransformer,iris
689,0.9688333333333333,CatBoost,5.907978534698486,0.004639863967895508,TanhTransformer,letter_recognition
690,0.9649122807017544,CatBoost,0.941070556640625,0.0010223388671875,LogisticSigmoidTransformer,breast_cancer_wisconsin_diagnostic
691,0.9300087489063867,CatBoost,0.8908336162567139,0.0010612010955810547,LogisticSigmoidTransformer,breast_cancer_wisconsin_original
692,0.6923076923076923,CatBoost,0.7827630043029785,0.0006501674652099609,LogisticSigmoidTransformer,glass_identification
693,0.5714285714285714,CatBoost,0.6559042930603027,0.001020669937133789,LogisticSigmoidTransformer,heart_disease
694,0.9629629629629629,CatBoost,0.5622732639312744,0.0008916854858398438,LogisticSigmoidTransformer,iris
695,0.9688333333333333,CatBoost,5.871361494064331,0.004529476165771484,LogisticSigmoidTransformer,letter_recognition
696,0.9649122807017544,CatBoost,0.9411447048187256,0.0009200572967529297,HyperbolicTangentTransformer,breast_cancer_wisconsin_diagnostic
697,0.9300087489063867,CatBoost,0.8970367908477783,0.0009758472442626953,HyperbolicTangentTransformer,breast_cancer_wisconsin_original
698,0.6923076923076923,CatBoost,0.791297197341919,0.0006353855133056641,HyperbolicTangentTransformer,glass_identification
699,0.5714285714285714,CatBoost,0.6656255722045898,0.0008378028869628906,HyperbolicTangentTransformer,heart_disease
700,0.9629629629629629,CatBoost,0.5646774768829346,0.0007960796356201172,HyperbolicTangentTransformer,iris
701,0.9688333333333333,CatBoost,5.870339393615723,0.004797458648681641,HyperbolicTangentTransformer,letter_recognition
702,0.9766081871345029,XGBoost,0.16841888427734375,0.0005674362182617188,MinMaxScaler,breast_cancer_wisconsin_diagnostic
703,0.9212598425196851,XGBoost,0.07714128494262695,0.0006380081176757812,MinMaxScaler,breast_cancer_wisconsin_original
704,0.6923076923076923,XGBoost,0.04736471176147461,0.0005009174346923828,MinMaxScaler,glass_identification
705,0.5604395604395604,XGBoost,0.05296063423156738,0.0005931854248046875,MinMaxScaler,heart_disease
706,0.9444444444444444,XGBoost,0.020009756088256836,0.0003647804260253906,MinMaxScaler,iris
707,0.962,XGBoost,0.9699101448059082,0.016093730926513672,MinMaxScaler,letter_recognition
708,0.9766081871345029,XGBoost,0.03425240516662598,0.0004448890686035156,MaxAbsScaler,breast_cancer_wisconsin_diagnostic
709,0.9212598425196851,XGBoost,0.0442051887512207,0.0005445480346679688,MaxAbsScaler,breast_cancer_wisconsin_original
710,0.6923076923076923,XGBoost,0.04579305648803711,0.0005080699920654297,MaxAbsScaler,glass_identification
711,0.5604395604395604,XGBoost,0.054520368576049805,0.0005998611450195312,MaxAbsScaler,heart_disease
712,0.9444444444444444,XGBoost,0.033518075942993164,0.0029053688049316406,MaxAbsScaler,iris
713,0.962,XGBoost,0.9154007434844971,0.01374959945678711,MaxAbsScaler,letter_recognition
714,0.9766081871345029,XGBoost,0.028397560119628906,0.00039458274841308594,StandardScaler,breast_cancer_wisconsin_diagnostic
715,0.9212598425196851,XGBoost,0.04053640365600586,0.00048470497131347656,StandardScaler,breast_cancer_wisconsin_original
716,0.6923076923076923,XGBoost,0.045449256896972656,0.00048804283142089844,StandardScaler,glass_identification
717,0.5604395604395604,XGBoost,0.07038450241088867,0.0005848407745361328,StandardScaler,heart_disease
718,0.9444444444444444,XGBoost,0.019983291625976562,0.0004940032958984375,StandardScaler,iris
719,0.962,XGBoost,0.87642502784729,0.014384269714355469,StandardScaler,letter_recognition
720,0.9766081871345029,XGBoost,0.03428006172180176,0.0013380050659179688,ParetoScaling,breast_cancer_wisconsin_diagnostic
721,0.9212598425196851,XGBoost,0.039255380630493164,0.0008280277252197266,ParetoScaling,breast_cancer_wisconsin_original
722,0.6923076923076923,XGBoost,0.04590129852294922,0.0008776187896728516,ParetoScaling,glass_identification
723,0.5604395604395604,XGBoost,0.05480217933654785,0.0010328292846679688,ParetoScaling,heart_disease
724,0.9444444444444444,XGBoost,0.020719051361083984,0.0007808208465576172,ParetoScaling,iris
725,0.962,XGBoost,0.881044864654541,0.014909982681274414,ParetoScaling,letter_recognition
726,0.9766081871345029,XGBoost,0.03253006935119629,0.0012750625610351562,StandardStabilityScaling,breast_cancer_wisconsin_diagnostic
727,0.9212598425196851,XGBoost,0.04020833969116211,0.0008234977722167969,StandardStabilityScaling,breast_cancer_wisconsin_original
728,0.6923076923076923,XGBoost,0.0668799877166748,0.0009558200836181641,StandardStabilityScaling,glass_identification
729,0.5604395604395604,XGBoost,0.05555605888366699,0.001035928726196289,StandardStabilityScaling,heart_disease
730,0.9444444444444444,XGBoost,0.020444631576538086,0.0007760524749755859,StandardStabilityScaling,iris
731,0.962,XGBoost,0.8523225784301758,0.014519214630126953,StandardStabilityScaling,letter_recognition
732,0.9766081871345029,XGBoost,0.03421616554260254,0.0013091564178466797,MeanCentered,breast_cancer_wisconsin_diagnostic
733,0.9212598425196851,XGBoost,0.036568641662597656,0.0008342266082763672,MeanCentered,breast_cancer_wisconsin_original
734,0.6923076923076923,XGBoost,0.04662799835205078,0.0008757114410400391,MeanCentered,glass_identification
735,0.5604395604395604,XGBoost,0.05591130256652832,0.0010378360748291016,MeanCentered,heart_disease
736,0.9444444444444444,XGBoost,0.020459413528442383,0.0007753372192382812,MeanCentered,iris
737,0.962,XGBoost,0.869269609451294,0.014835357666015625,MeanCentered,letter_recognition
738,0.9766081871345029,XGBoost,0.03276371955871582,0.0012645721435546875,None,breast_cancer_wisconsin_diagnostic
739,0.9212598425196851,XGBoost,0.039636850357055664,0.0009217262268066406,None,breast_cancer_wisconsin_original
740,0.6923076923076923,XGBoost,0.04808640480041504,0.0008993148803710938,None,glass_identification
741,0.5604395604395604,XGBoost,0.05623316764831543,0.0012850761413574219,None,heart_disease
742,0.9444444444444444,XGBoost,0.020623445510864258,0.0008406639099121094,None,iris
743,0.962,XGBoost,0.8841612339019775,0.015134334564208984,None,letter_recognition
744,0.9766081871345029,XGBoost,0.028870344161987305,0.0004355907440185547,RobustScaler,breast_cancer_wisconsin_diagnostic
745,0.9212598425196851,XGBoost,0.04011416435241699,0.0005185604095458984,RobustScaler,breast_cancer_wisconsin_original
746,0.6923076923076923,XGBoost,0.045430898666381836,0.0005040168762207031,RobustScaler,glass_identification
747,0.5604395604395604,XGBoost,0.053562164306640625,0.0005960464477539062,RobustScaler,heart_disease
748,0.9444444444444444,XGBoost,0.01896834373474121,0.00035381317138671875,RobustScaler,iris
749,0.962,XGBoost,0.8560540676116943,0.013523578643798828,RobustScaler,letter_recognition
750,0.9766081871345029,XGBoost,0.023423194885253906,0.00040340423583984375,QuantileTransformer,breast_cancer_wisconsin_diagnostic
751,0.9212598425196851,XGBoost,0.03352475166320801,0.0004894733428955078,QuantileTransformer,breast_cancer_wisconsin_original
752,0.6923076923076923,XGBoost,0.04567289352416992,0.0005090236663818359,QuantileTransformer,glass_identification
753,0.5604395604395604,XGBoost,0.054038286209106445,0.0005881786346435547,QuantileTransformer,heart_disease
754,0.9444444444444444,XGBoost,0.019394636154174805,0.00035500526428222656,QuantileTransformer,iris
755,0.962,XGBoost,0.9073007106781006,0.013791322708129883,QuantileTransformer,letter_recognition
756,0.9766081871345029,XGBoost,0.028956890106201172,0.0013005733489990234,DecimalScaling,breast_cancer_wisconsin_diagnostic
757,0.9212598425196851,XGBoost,0.03980708122253418,0.0008349418640136719,DecimalScaling,breast_cancer_wisconsin_original
758,0.6923076923076923,XGBoost,0.04648542404174805,0.0008647441864013672,DecimalScaling,glass_identification
759,0.5604395604395604,XGBoost,0.05558419227600098,0.0010297298431396484,DecimalScaling,heart_disease
760,0.9444444444444444,XGBoost,0.020936965942382812,0.0007758140563964844,DecimalScaling,iris
761,0.962,XGBoost,0.8941242694854736,0.014584064483642578,DecimalScaling,letter_recognition
762,0.9766081871345029,XGBoost,0.026835918426513672,0.0012238025665283203,TanhTransformer,breast_cancer_wisconsin_diagnostic
763,0.9212598425196851,XGBoost,0.037782907485961914,0.0008504390716552734,TanhTransformer,breast_cancer_wisconsin_original
764,0.6923076923076923,XGBoost,0.04673314094543457,0.0008714199066162109,TanhTransformer,glass_identification
765,0.5604395604395604,XGBoost,0.055043935775756836,0.0010173320770263672,TanhTransformer,heart_disease
766,0.9444444444444444,XGBoost,0.02050161361694336,0.0007700920104980469,TanhTransformer,iris
767,0.962,XGBoost,0.8781633377075195,0.015633344650268555,TanhTransformer,letter_recognition
768,0.9766081871345029,XGBoost,0.028443336486816406,0.0012280941009521484,LogisticSigmoidTransformer,breast_cancer_wisconsin_diagnostic
769,0.9212598425196851,XGBoost,0.05319857597351074,0.0013453960418701172,LogisticSigmoidTransformer,breast_cancer_wisconsin_original
770,0.6923076923076923,XGBoost,0.05005025863647461,0.0009016990661621094,LogisticSigmoidTransformer,glass_identification
771,0.5604395604395604,XGBoost,0.05513453483581543,0.0010263919830322266,LogisticSigmoidTransformer,heart_disease
772,0.9444444444444444,XGBoost,0.01999664306640625,0.0007643699645996094,LogisticSigmoidTransformer,iris
773,0.962,XGBoost,0.8691132068634033,0.014931678771972656,LogisticSigmoidTransformer,letter_recognition
774,0.9766081871345029,XGBoost,0.029479503631591797,0.003302335739135742,HyperbolicTangentTransformer,breast_cancer_wisconsin_diagnostic
775,0.9212598425196851,XGBoost,0.03511691093444824,0.0007994174957275391,HyperbolicTangentTransformer,breast_cancer_wisconsin_original
776,0.6923076923076923,XGBoost,0.04570794105529785,0.0008547306060791016,HyperbolicTangentTransformer,glass_identification
777,0.5604395604395604,XGBoost,0.0520780086517334,0.0010080337524414062,HyperbolicTangentTransformer,heart_disease
778,0.9444444444444444,XGBoost,0.018577098846435547,0.0007634162902832031,HyperbolicTangentTransformer,iris
779,0.962,XGBoost,0.900306224822998,0.01671433448791504,HyperbolicTangentTransformer,letter_recognition
780,0.9532163742690059,KNN,0.0002918243408203125,0.02060532569885254,MinMaxScaler,breast_cancer_wisconsin_diagnostic
781,0.9256342957130359,KNN,0.001739501953125,0.02402210235595703,MinMaxScaler,breast_cancer_wisconsin_original
782,0.6307692307692307,KNN,0.0002522468566894531,0.0015058517456054688,MinMaxScaler,glass_identification
783,0.5494505494505495,KNN,0.0002739429473876953,0.0025768280029296875,MinMaxScaler,heart_disease
784,1.0,KNN,0.0002567768096923828,0.0025022029876708984,MinMaxScaler,iris
785,0.9513333333333334,KNN,0.0015261173248291016,0.11402225494384766,MinMaxScaler,letter_recognition
786,0.9532163742690059,KNN,0.0002009868621826172,0.0030889511108398438,MaxAbsScaler,breast_cancer_wisconsin_diagnostic
787,0.9282589676290464,KNN,0.001392364501953125,0.01990985870361328,MaxAbsScaler,breast_cancer_wisconsin_original
788,0.676923076923077,KNN,0.0002503395080566406,0.0014843940734863281,MaxAbsScaler,glass_identification
789,0.5824175824175825,KNN,0.0002651214599609375,0.001986265182495117,MaxAbsScaler,heart_disease
790,0.9259259259259259,KNN,0.0002455711364746094,0.0013208389282226562,MaxAbsScaler,iris
791,0.9516666666666667,KNN,0.0010182857513427734,0.09141254425048828,MaxAbsScaler,letter_recognition
792,0.9590643274853801,KNN,0.00019502639770507812,0.0025856494903564453,StandardScaler,breast_cancer_wisconsin_diagnostic
793,0.9230096237970253,KNN,0.0010881423950195312,0.015287160873413086,StandardScaler,breast_cancer_wisconsin_original
794,0.6461538461538462,KNN,0.00021505355834960938,0.001210927963256836,StandardScaler,glass_identification
795,0.6153846153846154,KNN,0.0002315044403076172,0.0017185211181640625,StandardScaler,heart_disease
796,1.0,KNN,0.00022125244140625,0.0010805130004882812,StandardScaler,iris
797,0.945,KNN,0.0009353160858154297,0.08004641532897949,StandardScaler,letter_recognition
798,0.9649122807017544,KNN,0.0006556510925292969,0.0031630992889404297,ParetoScaling,breast_cancer_wisconsin_diagnostic
799,0.9221347331583553,KNN,0.001285552978515625,0.014673233032226562,ParetoScaling,breast_cancer_wisconsin_original
800,0.6923076923076923,KNN,0.0004899501800537109,0.0014789104461669922,ParetoScaling,glass_identification
801,0.5384615384615384,KNN,0.0005440711975097656,0.001852273941040039,ParetoScaling,heart_disease
802,0.9444444444444444,KNN,0.0005223751068115234,0.0013949871063232422,ParetoScaling,iris
803,0.9503333333333334,KNN,0.0014662742614746094,0.08112072944641113,ParetoScaling,letter_recognition
804,0.9532163742690059,KNN,0.0008821487426757812,0.0028977394104003906,StandardStabilityScaling,breast_cancer_wisconsin_diagnostic
805,0.9247594050743657,KNN,0.0012006759643554688,0.015069723129272461,StandardStabilityScaling,breast_cancer_wisconsin_original
806,0.6615384615384615,KNN,0.00048065185546875,0.0014705657958984375,StandardStabilityScaling,glass_identification
807,0.5494505494505495,KNN,0.0005300045013427734,0.0018570423126220703,StandardStabilityScaling,heart_disease
808,0.9814814814814815,KNN,0.0005133152008056641,0.0013647079467773438,StandardStabilityScaling,iris
809,0.8945,KNN,0.0015773773193359375,0.0805959701538086,StandardStabilityScaling,letter_recognition
810,0.9473684210526315,KNN,0.0005888938903808594,0.0032012462615966797,MeanCentered,breast_cancer_wisconsin_diagnostic
811,0.8801399825021873,KNN,0.0012254714965820312,0.014815330505371094,MeanCentered,breast_cancer_wisconsin_original
812,0.6615384615384615,KNN,0.0004978179931640625,0.0014796257019042969,MeanCentered,glass_identification
813,0.5054945054945055,KNN,0.0005285739898681641,0.0020914077758789062,MeanCentered,heart_disease
814,0.7222222222222222,KNN,0.0005791187286376953,0.0015795230865478516,MeanCentered,iris
815,0.9513333333333334,KNN,0.0013835430145263672,0.08088827133178711,MeanCentered,letter_recognition
816,0.9473684210526315,KNN,0.0004589557647705078,0.00269317626953125,None,breast_cancer_wisconsin_diagnostic
817,0.8801399825021873,KNN,0.0011570453643798828,0.014482498168945312,None,breast_cancer_wisconsin_original
818,0.6615384615384615,KNN,0.0004551410675048828,0.0014278888702392578,None,glass_identification
819,0.5054945054945055,KNN,0.0004761219024658203,0.0017490386962890625,None,heart_disease
820,0.7222222222222222,KNN,0.0004622936248779297,0.001417398452758789,None,iris
821,0.9528333333333333,KNN,0.0013012886047363281,0.8443481922149658,None,letter_recognition
822,0.9649122807017544,KNN,0.00019168853759765625,0.0031960010528564453,RobustScaler,breast_cancer_wisconsin_diagnostic
823,0.9230096237970253,KNN,0.0011012554168701172,0.019727468490600586,RobustScaler,breast_cancer_wisconsin_original
824,0.6153846153846154,KNN,0.00024962425231933594,0.0015010833740234375,RobustScaler,glass_identification
825,0.5714285714285714,KNN,0.00026488304138183594,0.0019750595092773438,RobustScaler,heart_disease
826,0.9814814814814815,KNN,0.0002491474151611328,0.0013267993927001953,RobustScaler,iris
827,0.9328333333333333,KNN,0.0008654594421386719,0.0796973705291748,RobustScaler,letter_recognition
828,0.9649122807017544,KNN,0.00024366378784179688,0.0024123191833496094,QuantileTransformer,breast_cancer_wisconsin_diagnostic
829,0.9256342957130359,KNN,0.0009253025054931641,0.014448404312133789,QuantileTransformer,breast_cancer_wisconsin_original
830,0.6923076923076923,KNN,0.0002148151397705078,0.0011622905731201172,QuantileTransformer,glass_identification
831,0.5384615384615384,KNN,0.0003018379211425781,0.0017724037170410156,QuantileTransformer,heart_disease
832,0.9814814814814815,KNN,0.00023627281188964844,0.0010569095611572266,QuantileTransformer,iris
833,0.9318333333333333,KNN,0.0009989738464355469,0.08093142509460449,QuantileTransformer,letter_recognition
834,0.9766081871345029,KNN,0.0005917549133300781,0.003161907196044922,DecimalScaling,breast_cancer_wisconsin_diagnostic
835,0.8661417322834646,KNN,0.0012884140014648438,0.014011383056640625,DecimalScaling,breast_cancer_wisconsin_original
836,0.6461538461538462,KNN,0.0004863739013671875,0.0014190673828125,DecimalScaling,glass_identification
837,0.5384615384615384,KNN,0.0005793571472167969,0.0018584728240966797,DecimalScaling,heart_disease
838,0.7592592592592593,KNN,0.0005283355712890625,0.0015206336975097656,DecimalScaling,iris
839,0.9516666666666667,KNN,0.0014216899871826172,0.0788123607635498,DecimalScaling,letter_recognition
840,0.9590643274853801,KNN,0.0006241798400878906,0.0030508041381835938,TanhTransformer,breast_cancer_wisconsin_diagnostic
841,0.9230096237970253,KNN,0.001210927963256836,0.015149831771850586,TanhTransformer,breast_cancer_wisconsin_original
842,0.6461538461538462,KNN,0.000492095947265625,0.0014598369598388672,TanhTransformer,glass_identification
843,0.6153846153846154,KNN,0.0005216598510742188,0.0020194053649902344,TanhTransformer,heart_disease
844,1.0,KNN,0.0005173683166503906,0.001447916030883789,TanhTransformer,iris
845,0.945,KNN,0.0013968944549560547,0.08052325248718262,TanhTransformer,letter_recognition
846,0.9649122807017544,KNN,0.0006425380706787109,0.0028989315032958984,LogisticSigmoidTransformer,breast_cancer_wisconsin_diagnostic
847,0.9195100612423447,KNN,0.0012323856353759766,0.015034198760986328,LogisticSigmoidTransformer,breast_cancer_wisconsin_original
848,0.6461538461538462,KNN,0.00048470497131347656,0.001455068588256836,LogisticSigmoidTransformer,glass_identification
849,0.5934065934065934,KNN,0.0006008148193359375,0.0019321441650390625,LogisticSigmoidTransformer,heart_disease
850,1.0,KNN,0.0005140304565429688,0.0016574859619140625,LogisticSigmoidTransformer,iris
851,0.9441666666666667,KNN,0.00145721435546875,0.08033204078674316,LogisticSigmoidTransformer,letter_recognition
852,0.9649122807017544,KNN,0.0006306171417236328,0.002914905548095703,HyperbolicTangentTransformer,breast_cancer_wisconsin_diagnostic
853,0.9195100612423447,KNN,0.0012249946594238281,0.014908313751220703,HyperbolicTangentTransformer,breast_cancer_wisconsin_original
854,0.6461538461538462,KNN,0.0004878044128417969,0.0017170906066894531,HyperbolicTangentTransformer,glass_identification
855,0.5934065934065934,KNN,0.0006270408630371094,0.0019159317016601562,HyperbolicTangentTransformer,heart_disease
856,1.0,KNN,0.0006823539733886719,0.0014262199401855469,HyperbolicTangentTransformer,iris
857,0.9441666666666667,KNN,0.0014297962188720703,0.0810236930847168,HyperbolicTangentTransformer,letter_recognition
